ceeb,school_name,city,county,cds14,district,district_name,local,dist,prof_terc,apps_mean,g12,dgroup,county_cat,dband,bind_years,name
050365,BRAWLEY UNION HIGH SCHOOL,Brawley,Imperial,13630811331404,1363081,Brawley Union High,1,98.78825704721102,0.0,19.15625,356.5,2,1,4.0,6.0,Brawley Union High (Brawley)
050425,CALEXICO HIGH SCHOOL,Calexico,Imperial,13630991332204,1363099,Calexico Unified,1,102.44278212217706,0.0,50.09375,607.21875,2,1,5.0,6.0,Calexico High (Calexico)
050430,CALIPATRIA HIGH SCHOOL,Calipatria,Imperial,13631071332501,1363107,Calipatria Unified,1,100.41618815381813,2.0,7.125,79.25,2,1,5.0,2.0,Calipatria High (Calipatria)
050810,CENTRAL UNION HIGH SCHOOL,El Centro,Imperial,13631151333004,1363115,Central Union High,1,97.17745676668136,1.0,28.5,390.21875,2,1,4.0,6.0,Central Union High (El Centro)
051200,HOLTVILLE HIGH SCHOOL,Holtville,Imperial,13631491335306,1363149,Holtville Unified,1,107.40659421883576,1.0,10.714285714285714,129.64285714285714,2,1,5.0,4.0,Holtville High (Holtville)
051240,IMPERIAL HIGH SCHOOL,Imperial,Imperial,13631641335900,1363164,Imperial Unified,1,96.30313420896576,2.0,16.923076923076923,213.34615384615384,2,1,4.0,4.0,Imperial High (Imperial)
050816,SOUTHWEST HIGH SCHOOL,El Centro,Imperial,13631151330133,1363115,Central Union High,1,96.38524701081525,1.0,41.58620689655172,434.0,2,1,4.0,3.0,Southwest High (El Centro)
052831,ALTUS CHARTER SCHOOL OF SAN DIEGO,San Diego,San Diego,37683383730959,3768338,San Diego Unified,1,3.3134213982457768,0.0,7.647058823529412,495.11764705882354,1,0,0.0,,Altus Charter School Of San Diego (San Diego)
050412,ALTUS SCHOOLS SOUTH BAY-SWEETWATER,Chula Vista,San Diego,37103710136473,3710371,San Diego County Office of Education,1,,,5.0,,4,0,,,Altus Schools South Bay-Sweetwater (Chula Vista)
053199,AUDEO CHARTER SCHOOL I,San Diego,San Diego,37103710134577,3710371,San Diego County Office of Education,1,21.039334475910557,,6.0,42.0,4,0,2.0,,Audeo Charter School I (San Diego)
054777,BAYFRONT CHARTER HIGH SCHOOL,Chula Vista,San Diego,37680236037980,3768023,Chula Vista Elementary,1,19.364057669014983,1.0,26.25,118.625,4,0,1.0,,Bayfront Charter High (Chula Vista)
050572,BONITA VISTA HIGH SCHOOL,Chula Vista,San Diego,37684113730405,3768411,Sweetwater Union High,1,21.085858658283083,2.0,102.78125,600.34375,0,0,2.0,0.0,Bonita Vista High (Chula Vista)
054793,BONSALL HIGH SCHOOL,Bonsall,San Diego,37768510129320,3776851,Bonsall Unified,1,28.944979274036005,1.0,11.125,74.25,4,0,2.0,,Bonsall High (Bonsall)
050363,BORREGO SPRINGS HIGH SCHOOL,Borrego Springs,San Diego,37679833730447,3767983,Borrego Springs Unified,1,55.97050471481138,1.0,5.8,35.4,4,0,3.0,,Borrego Springs High (Borrego Springs)
055028,BOSTONIA GLOBAL,El Cajon,San Diego,37679910140558,3767991,Cajon Valley Union,1,18.243956828204304,,6.0,44.5,4,0,1.0,,Bostonia Global (El Cajon)
052138,CABRILLO POINT ACADEMY,El Cajon,San Diego,37680490132506,3768049,Dehesa Elementary,1,12.528632624467267,,7.25,195.0,4,0,1.0,,Cabrillo Point Academy (El Cajon)
050893,CANYON CREST ACADEMY,San Diego,San Diego,37683460106328,3768346,San Dieguito Union High,1,6.137654098629044,2.0,232.83333333333334,511.6111111111111,3,0,0.0,,Canyon Crest Academy (San Diego)
052891,CANYON HILLS HIGH SCHOOL,San Diego,San Diego,37683383730173,3768338,San Diego Unified,1,8.43937384228756,1.0,62.5,364.3125,1,0,0.0,0.0,Canyon Hills High (San Diego)
050472,CARLSBAD HIGH SCHOOL,Carlsbad,San Diego,37735513730694,3773551,Carlsbad Unified,1,20.316642351195334,2.0,90.90625,596.15625,4,0,2.0,0.0,Carlsbad High (Carlsbad)
050471,CARLSBAD SEASIDE ACADEMY,Carlsbad,San Diego,37735513731163,3773551,Carlsbad Unified,1,20.316642351195334,,5.0,16.5,4,0,2.0,,Carlsbad Seaside Academy (Carlsbad)
050573,CASTLE PARK HIGH SCHOOL,Chula Vista,San Diego,37684113730801,3768411,Sweetwater Union High,1,21.609134395183624,0.0,39.40625,421.71875,0,0,2.0,6.0,Castle Park High (Chula Vista)
050580,CHULA VISTA HIGH SCHOOL,Chula Vista,San Diego,37684113731064,3768411,Sweetwater Union High,1,20.030339750743448,0.0,58.5625,587.9375,0,0,2.0,4.0,Chula Vista High (Chula Vista)
054654,CHULA VISTA LRNG CMNTY CHARTER,Chula Vista,San Diego,37680236115778,3768023,Chula Vista Elementary,1,19.906737610651664,2.0,41.7,86.1,4,0,1.0,,Chula Vista Lrng Cmnty Charter (Chula Vista)
050685,CITY HEIGHTS PREP CHARTER SCHL,San Diego,San Diego,37683380124347,3768338,San Diego Unified,1,12.49402125498937,,9.75,16.75,1,0,1.0,,City Heights Prep Charter Schl (San Diego)
052837,CLAIREMONT HIGH SCHOOL,San Diego,San Diego,37683383731213,3768338,San Diego Unified,1,5.348408825871962,1.0,28.84375,237.1875,1,0,0.0,1.0,Clairemont High (San Diego)
054194,CLASSICAL ACADEMY HIGH SCHOOL,Escondido,San Diego,37681060111195,3768106,Escondido Union High,1,19.065074218208004,2.0,33.142857142857146,244.35714285714286,4,0,1.0,,Classical Academy High (Escondido)
051192,COASTAL ACADEMY HS OCEANSIDE,Oceanside,San Diego,37735690136267,3773569,Oceanside Unified,1,22.81040762782238,,13.4,124.4,4,0,2.0,,Coastal Academy Hs Oceanside (Oceanside)
050680,CORONADO HIGH SCHOOL,Coronado,San Diego,37680313731478,3768031,Coronado Unified,1,13.398998049727352,2.0,47.125,246.8125,4,0,1.0,0.0,Coronado High (Coronado)
052942,CORTEZ HILL ACADEMY,San Diego,San Diego,37683383731320,3768338,San Diego Unified,1,,,7.0,53.0,1,0,,,Cortez Hill Academy (San Diego)
053896,CRAWFORD CHAMPS,San Diego,San Diego,37683380107185,3768338,San Diego Unified,1,,,10.166666666666666,78.75,1,0,,,Crawford Champs (San Diego)
052897,CRAWFORD HIGH SCHOOL,San Diego,San Diego,37683380107177,3768338,San Diego Unified,1,12.701182057499718,,26.142857142857142,65.33333333333333,1,0,1.0,,Crawford High (San Diego)
054630,CRAWFORD HIGH SCHOOL,San Diego,San Diego,37683380107177,3768338,San Diego Unified,1,12.701182057499718,0.0,56.38461538461539,259.2307692307692,1,0,1.0,,Crawford High (San Diego)
053894,CRAWFORD IDEA,San Diego,San Diego,37683380107201,3768338,San Diego Unified,1,,,7.4,66.8,1,0,,,Crawford Idea (San Diego)
053897,CRAWFORD LAW AND BUSINESS,San Diego,San Diego,37683380107193,3768338,San Diego Unified,1,,,8.0,52.666666666666664,1,0,,,Crawford Law And Business (San Diego)
053892,CRAWFORD MULTIMEDIA & VIS ARTS,San Diego,San Diego,37683380107177,3768338,San Diego Unified,1,12.701182057499718,,7.5,76.75,1,0,1.0,,Crawford Multimedia & Vis Arts (San Diego)
054746,DEL LAGO ACADEMY,Escondido,San Diego,37681060127241,3768106,Escondido Union High,1,16.761752452321236,2.0,56.3,170.9,4,0,1.0,,Del Lago Academy (Escondido)
054351,DEL NORTE HIGH SCHOOL,San Diego,San Diego,37682960118935,3768296,Poway Unified,1,11.379350561958649,2.0,214.5,517.8571428571429,3,0,1.0,,Del Norte High (San Diego)
054723,E3 CIVIC HIGH,San Diego,San Diego,37683380127647,3768338,San Diego Unified,1,12.674435900412266,0.0,33.5,91.7,1,0,1.0,,E3 Civic High (San Diego)
054281,EAST VILLAGE MIDDLE COLLEGE HS,San Diego,San Diego,37683380118315,3768338,San Diego Unified,1,12.119805913360496,0.0,8.916666666666666,25.416666666666668,1,0,1.0,,East Village Middle College Hs (San Diego)
050579,EASTLAKE HIGH SCHOOL,Chula Vista,San Diego,37684113730843,3768411,Sweetwater Union High,1,22.461660578964835,2.0,113.61290322580645,627.4516129032259,0,0,2.0,0.0,Eastlake High (Chula Vista)
050805,EL CAJON VALLEY HIGH SCHOOL,El Cajon,San Diego,37681303731692,3768130,Grossmont Union High,1,17.537819146211536,0.0,29.15625,459.40625,4,0,1.0,6.0,El Cajon Valley High (El Cajon)
052248,EL CAMINO HIGH SCHOOL,Oceanside,San Diego,37735693739018,3773569,Oceanside Unified,1,23.968807378962893,1.0,56.4375,634.625,4,0,2.0,6.0,El Camino High (Oceanside)
051346,EL CAPITAN HIGH SCHOOL,Lakeside,San Diego,37681303731809,3768130,Grossmont Union High,1,18.536381819282678,1.0,25.75,421.34375,4,0,1.0,5.0,El Capitan High (Lakeside)
050871,ESCONDIDO CHARTER HIGH SCHOOL,Escondido,San Diego,37681063731023,3768106,Escondido Union High,1,20.547137883597625,2.0,24.041666666666668,230.83333333333334,4,0,2.0,3.0,Escondido Charter High (Escondido)
050880,ESCONDIDO HIGH SCHOOL,Escondido,San Diego,37681063732062,3768106,Escondido Union High,1,20.071098295732178,1.0,48.3125,516.0625,4,0,2.0,6.0,Escondido High (Escondido)
050925,FALLBROOK UNION HIGH SCHOOL,Fallbrook,San Diego,37681223732179,3768122,Fallbrook Union High,1,32.43626313237144,1.0,44.40625,525.28125,4,0,3.0,2.0,Fallbrook Union High (Fallbrook)
052879,GOMPERS PREPARATORY ACADEMY,San Diego,San Diego,37683380119610,3768338,San Diego Unified,1,13.96092532338873,,17.357142857142858,,1,0,1.0,,Gompers Preparatory Academy (San Diego)
054353,GOMPERS PREPARATORY ACADEMY,San Diego,San Diego,37683380119610,3768338,San Diego Unified,1,13.96092532338873,0.0,79.57142857142857,125.0,1,0,1.0,,Gompers Preparatory Academy (San Diego)
050806,GRANITE HILLS HIGH SCHOOL,El Cajon,San Diego,37681303732336,3768130,Grossmont Union High,1,19.22405737694094,1.0,50.65625,610.625,4,0,1.0,6.0,Granite Hills High (El Cajon)
051110,GROSSMONT HIGH SCHOOL,El Cajon,San Diego,37681303732625,3768130,Grossmont Union High,1,16.006926993874,1.0,54.0,541.96875,4,0,1.0,0.0,Grossmont High (El Cajon)
050828,GROSSMONT MIDDLE COLLEGE HS,El Cajon,San Diego,37681303731536,3768130,Grossmont Union High,1,13.821066070390192,2.0,10.047619047619047,33.904761904761905,4,0,1.0,,Grossmont Middle College Hs (El Cajon)
050411,GROSSMONT SECONDARY SCHOOL,El Cajon,San Diego,37770990136077,3777099,SBE - Grossmont Secondary,1,16.52536484443675,,5.0,38.0,4,0,1.0,,Grossmont Secondary School (El Cajon)
052251,GUAJOME PARK ACADEMY,Vista,San Diego,37684523730942,3768452,Vista Unified,1,24.19943591142924,2.0,17.24,288.12,4,0,2.0,3.0,Guajome Park Academy (Vista)
054201,HEALTH SCIENCES HIGH/MID COLL,San Diego,San Diego,37683380114462,3768338,San Diego Unified,1,11.514452777175508,0.0,33.0,129.6875,1,0,1.0,,Health Sciences High/Mid Coll (San Diego)
051350,HELIX HIGH SCHOOL,La Mesa,San Diego,37681303732732,3768130,Grossmont Union High,1,14.169972551586595,2.0,78.125,521.40625,4,0,1.0,0.0,Helix High (La Mesa)
052951,HIGH TECH HIGH SCHOOL,San Diego,San Diego,37683383731247,3768338,San Diego Unified,1,10.151143811389547,2.0,36.91304347826087,118.6086956521739,1,0,1.0,0.0,High Tech High (San Diego)
054219,HIGH TECH HIGH - NORTH COUNTY,San Marcos,San Diego,37103710114694,3710371,San Diego County Office of Education,1,,,29.933333333333334,,4,0,,,High Tech High - North County (San Marcos)
054313,HIGH TECH HIGH CHULA VISTA,Chula Vista,San Diego,37103710114678,3710371,San Diego County Office of Education,1,,,59.6,,4,0,,,High Tech High Chula Vista (Chula Vista)
053945,HIGH TECH HIGH INTERNATIONAL,San Diego,San Diego,37683380106732,3768338,San Diego Unified,1,10.236239175474259,2.0,27.894736842105264,94.57894736842105,1,0,1.0,,High Tech High International (San Diego)
054054,HIGH TECH HIGH MEDIA ARTS,San Diego,San Diego,37683380108787,3768338,San Diego Unified,1,10.078480487575257,1.0,27.444444444444443,92.5,1,0,1.0,,High Tech High Media Arts (San Diego)
052795,HIGH TECH HIGH MESA,San Diego,San Diego,37103710137067,3710371,San Diego County Office of Education,1,,,41.75,,4,0,,,High Tech High Mesa (San Diego)
050581,HILLTOP HIGH SCHOOL,Chula Vista,San Diego,37684113732849,3768411,Sweetwater Union High,1,19.616719284484994,1.0,57.0,514.84375,0,0,1.0,1.0,Hilltop High (Chula Vista)
052850,HOOVER HIGH SCHOOL,San Diego,San Diego,37683383732997,3768338,San Diego Unified,1,11.705436028209897,0.0,61.59375,387.125,1,0,1.0,5.0,Hoover High (San Diego)
051738,IDEATE HIGH ACADEMY,San Diego,San Diego,,,,1,,,6.0,,4,0,,,Ideate High Academy (San Diego)
054365,IHIGH VIRTUAL ACADEMY,San Diego,San Diego,37683380120410,3768338,San Diego Unified,1,3.4553226297988906,,6.0,50.666666666666664,1,0,0.0,,Ihigh Virtual Academy (San Diego)
052864,JOHN MUIR LANGUAGE ACADEMY,San Diego,San Diego,37683383730116,3768338,San Diego Unified,1,4.554294861226074,,5.25,13.5,1,0,0.0,,John Muir Language Academy (San Diego)
052929,JULIAN CHARTER SCHOOL LIVE,Julian,San Diego,37681633731239,3768163,Julian Union Elementary,1,39.43830918575095,,5.833333333333333,156.83333333333334,4,0,3.0,,Julian Charter School Live (Julian)
051285,JULIAN UNION HIGH SCHOOL,Julian,San Diego,37681713733219,3768171,Julian Union High,1,39.47069404219735,,6.363636363636363,47.18181818181818,4,0,3.0,0.0,Julian Union High (Julian)
053893,KEARNY COLLEGE CONNECTIONS,San Diego,San Diego,37683380107094,3768338,San Diego Unified,1,7.061181992597236,2.0,18.05263157894737,93.73684210526316,1,0,0.0,,Kearny College Connections (San Diego)
053216,KEARNY DIGITAL MEDIA & DESIGN,San Diego,San Diego,37683380107078,3768338,San Diego Unified,1,7.061181992597236,2.0,10.526315789473685,83.52631578947368,1,0,0.0,,Kearny Digital Media & Design (San Diego)
053217,KEARNY FOSTER ENG INNOV & DESIGN,San Diego,San Diego,37683380107102,3768338,San Diego Unified,1,7.061181992597236,2.0,9.705882352941176,76.6470588235294,1,0,0.0,,Kearny Foster Eng Innov & Design (San Diego)
053900,KEARNY SCH BIOMED SCIENCE TECH,San Diego,San Diego,37683380107086,3768338,San Diego Unified,1,7.061181992597236,2.0,17.9,85.55,1,0,0.0,,Kearny Sch Biomed Science Tech (San Diego)
054507,KING-CHAVEZ COMMUNITY HIGH SCHOOL,San Diego,San Diego,37683380118851,3768338,San Diego Unified,1,13.145349587069768,0.0,15.384615384615385,102.07692307692308,1,0,1.0,,King-Chavez Community High (San Diego)
050858,LA COSTA CANYON HIGH SCHOOL,Carlsbad,San Diego,37683463731007,3768346,San Dieguito Union High,1,13.363477968715001,2.0,93.13793103448276,540.8275862068965,3,0,1.0,0.0,La Costa Canyon High (Carlsbad)
051335,LA JOLLA HIGH,La Jolla,San Diego,37683383733508,3768338,San Diego Unified,1,3.964370321287735,2.0,105.8125,353.6875,1,0,0.0,0.0,La Jolla High (La Jolla)
055046,LAUNCH VIRTUAL ACADEMY,Chula Vista,San Diego,37684110140939,3768411,Sweetwater Union High,1,23.354459307399132,,7.333333333333333,139.33333333333334,0,0,2.0,,Launch Virtual Academy (Chula Vista)
054926,LEARNING CHOICE - CHULA VISTA,Chula Vista,San Diego,37680230138073,3768023,Chula Vista Elementary,1,22.154307608856435,,5.0,36.0,4,0,2.0,,Learning Choice - Chula Vista (Chula Vista)
053922,LEARNING CHOICE ACADEMY - SAN DIEGO,San Diego,San Diego,37683380106799,3768338,San Diego Unified,1,4.045025070889868,1.0,6.666666666666667,51.666666666666664,1,0,0.0,,Learning Choice Academy - San Diego (San Diego)
052815,LINCOLN HIGH SCHOOL,San Diego,San Diego,37683380114025,3768338,San Diego Unified,1,14.699045299517635,,8.75,,1,0,1.0,,Lincoln High (San Diego)
054120,LINCOLN HIGH SCHOOL,San Diego,San Diego,37683380114025,3768338,San Diego Unified,1,14.699045299517635,0.0,54.64705882352941,355.5882352941176,1,0,1.0,,Lincoln High (San Diego)
054304,LITERACY FIRST CHARTER SCHOOLS,Alpine,San Diego,37103716119119,3710371,San Diego County Office of Education,1,17.5727730368899,2.0,10.545454545454545,69.27272727272727,4,0,1.0,,Literacy First Charter Schools (Alpine)
052853,MADISON HIGH SCHOOL,San Diego,San Diego,37683383733698,3768338,San Diego Unified,1,4.789988945825932,0.0,26.65625,258.375,1,0,0.0,3.0,Madison High (San Diego)
051242,MAR VISTA HIGH SCHOOL,Imperial Beach,San Diego,37684113733953,3768411,Sweetwater Union High,1,21.71499681005554,0.0,42.09375,405.5625,0,0,2.0,2.0,Mar Vista High (Imperial Beach)
052858,MIRA MESA HIGH SCHOOL,San Diego,San Diego,37683383730181,3768338,San Diego Unified,1,5.83399970600787,2.0,107.8125,544.96875,1,0,0.0,0.0,Mira Mesa High (San Diego)
052860,MISSION BAY HIGH,San Diego,San Diego,37683383734431,3768338,San Diego Unified,1,5.473002808969127,1.0,41.96875,289.46875,1,0,0.0,0.0,Mission Bay High (San Diego)
053868,MISSION HILLS HIGH SCHOOL,San Marcos,San Diego,37737910105726,3773791,San Marcos Unified,1,19.129273063845464,2.0,96.4,602.55,4,0,1.0,,Mission Hills High (San Marcos)
054347,MISSION VISTA HIGH SCHOOL,Oceanside,San Diego,37684520118430,3768452,Vista Unified,1,26.029072456583297,2.0,80.38461538461539,349.9230769230769,4,0,2.0,,Mission Vista High (Oceanside)
053416,MONTE VISTA HIGH SCHOOL,Spring Valley,San Diego,37681303734548,3768130,Grossmont Union High,1,18.094172763916028,1.0,34.90625,446.375,4,0,1.0,3.0,Monte Vista High (Spring Valley)
051239,MONTGOMERY HIGH SCHOOL,San Diego,San Diego,37684113738234,3768411,Sweetwater Union High,1,22.722377943652507,0.0,48.71875,487.5625,0,0,2.0,3.0,Montgomery High (San Diego)
052881,MORSE HIGH SCHOOL,San Diego,San Diego,37683383734654,3768338,San Diego Unified,1,16.314906559999656,1.0,70.09375,497.78125,1,0,1.0,0.0,Morse High (San Diego)
052083,MOTIVATED YOUTH ACADEMY,Escondido,San Diego,37682130129668,3768213,Mountain Empire Unified,1,17.943494708519207,,5.0,47.0,3,0,1.0,,Motivated Youth Academy (Escondido)
052862,MOUNT CARMEL HIGH SCHOOL,San Diego,San Diego,37682963730074,3768296,Poway Unified,1,8.842450398097158,2.0,120.6875,572.90625,3,0,0.0,0.0,Mount Carmel High (San Diego)
052826,MOUNT EVEREST ACADEMY,San Diego,San Diego,37683383730751,3768338,San Diego Unified,1,4.996272357987063,2.0,10.857142857142858,29.142857142857142,1,0,0.0,,Mount Everest Academy (San Diego)
053417,MOUNT MIGUEL HIGH SCHOOL,Spring Valley,San Diego,37681303734761,3768130,Grossmont Union High,1,16.551384828282284,0.0,26.96875,404.90625,4,0,1.0,6.0,Mount Miguel High (Spring Valley)
050455,MOUNTAIN EMPIRE HIGH SCHOOL,Pine Valley,San Diego,37682133734878,3768213,Mountain Empire Unified,1,44.15426919164094,0.0,7.333333333333333,87.14285714285714,3,0,3.0,2.0,Mountain Empire High (Pine Valley)
052959,MOUNTAIN VALLEY ACADEMY,Ramona,San Diego,37683040131250,3768304,Ramona City Unified,1,22.969984920156023,2.0,5.0,14.0,4,0,2.0,,Mountain Valley Academy (Ramona)
052249,OCEANSIDE HIGH SCHOOL,Oceanside,San Diego,37735693735206,3773569,Oceanside Unified,1,23.356606145604726,1.0,29.96875,474.15625,4,0,2.0,6.0,Oceanside High (Oceanside)
054629,OFARRELL CHARTER SCHOOL,San Diego,San Diego,37683386061964,3768338,San Diego Unified,1,15.78074339289472,2.0,47.1,117.8,1,0,1.0,,Ofarrell Charter School (San Diego)
054072,OLYMPIAN HIGH SCHOOL,Chula Vista,San Diego,37684110111831,3768411,Sweetwater Union High,1,24.237898146572974,2.0,119.23529411764706,512.4705882352941,0,0,2.0,,Olympian High (Chula Vista)
050596,OPTIONS SECONDARY SCHOOL,San Diego,San Diego,37684113731155,3768411,Sweetwater Union High,1,21.52395839251937,,5.0,39.0,0,0,2.0,,Options Secondary School (San Diego)
050873,ORANGE GLEN HIGH SCHOOL,Escondido,San Diego,37681063735313,3768106,Escondido Union High,1,20.636239488048545,0.0,38.03125,467.5625,4,0,2.0,4.0,Orange Glen High (Escondido)
050602,OTAY RANCH HIGH SCHOOL,Chula Vista,San Diego,37684113731627,3768411,Sweetwater Union High,1,22.71568013027718,2.0,126.4,678.55,0,0,2.0,,Otay Ranch High (Chula Vista)
050561,PACIFIC COAST ACADEMY,Poway,San Diego,37680490136416,3768049,Dehesa Elementary,1,12.532011547907468,,9.0,123.5,4,0,1.0,,Pacific Coast Academy (Poway)
052867,PATRICK HENRY HIGH SCHOOL,San Diego,San Diego,37683383732781,3768338,San Diego Unified,1,12.073670483779814,2.0,87.9375,503.25,1,0,1.0,1.0,Patrick Henry High (San Diego)
052870,POINT LOMA HIGH SCHOOL,San Diego,San Diego,37683383735750,3768338,San Diego Unified,1,9.664715525116213,1.0,63.90625,417.4375,1,0,0.0,0.0,Point Loma High (San Diego)
052533,POWAY HIGH SCHOOL,Poway,San Diego,37682963735867,3768296,Poway Unified,1,14.623696967849817,2.0,98.96875,639.78125,3,0,1.0,0.0,Poway High (Poway)
055538,POWAY TO PALOMAR MIDDLE COLLEGE,San Diego,San Diego,37682960141390,3768296,Poway Unified,1,12.960971395528087,,11.0,43.5,3,0,1.0,,Poway To Palomar Middle College (San Diego)
051479,PREUSS SCHOOL UCSD,La Jolla,San Diego,37683383731189,3768338,San Diego Unified,1,0.4365867277244462,2.0,98.0,99.5,1,0,0.0,0.0,Preuss School Ucsd (La Jolla)
052550,RAMONA HIGH SCHOOL,Ramona,San Diego,37683043735974,3768304,Ramona City Unified,1,23.44937022432596,1.0,30.65625,392.28125,4,0,2.0,2.0,Ramona High (Ramona)
052536,RANCHO BERNARDO HIGH SCHOOL,San Diego,San Diego,37682963730819,3768296,Poway Unified,1,12.445834097629731,2.0,144.15625,629.90625,3,0,1.0,0.0,Rancho Bernardo High (San Diego)
053668,RANCHO BUENA VISTA HIGH SCHOOL,Vista,San Diego,37684523730728,3768452,Vista Unified,1,19.671335756344646,2.0,58.875,586.0625,4,0,1.0,1.0,Rancho Buena Vista High (Vista)
051446,RIVER VALLEY CHARTER SCHOOL,Lakeside,San Diego,37681893731072,3768189,Lakeside Union Elementary,1,17.125907635060916,2.0,8.615384615384615,42.46153846153846,4,0,1.0,0.0,River Valley Charter School (Lakeside)
054709,SAGE CREEK HIGH SCHOOL,Carlsbad,San Diego,37735510127423,3773551,Carlsbad Unified,1,18.15651657799504,2.0,110.66666666666667,318.0,4,0,1.0,,Sage Creek High (Carlsbad)
053209,SAN DIEGO BUSINESS LEADERSHIP,San Diego,San Diego,37683380107052,3768338,San Diego Unified,1,12.040164403288268,0.0,14.181818181818182,127.54545454545455,1,0,1.0,,San Diego Business Leadership (San Diego)
053898,SAN DIEGO CIMA,San Diego,San Diego,37683380107219,3768338,San Diego Unified,1,12.040164403288268,,7.0,89.0,1,0,1.0,,San Diego Cima (San Diego)
053903,SAN DIEGO HIGH SCHOOL,San Diego,San Diego,37683380107219,3768338,San Diego Unified,1,12.040164403288268,1.0,35.5,180.6,1,0,1.0,,San Diego High (San Diego)
052885,SAN DIEGO HIGH SCHOOL EDUCATIO,San Diego,San Diego,37683380107219,3768338,San Diego Unified,1,12.040164403288268,1.0,31.15,120.55555555555556,1,0,1.0,,San Diego High Educatio (San Diego)
053901,SAN DIEGO HS OF BUISNESS,San Diego,San Diego,37683380107219,3768338,San Diego Unified,1,12.040164403288268,,6.0,99.0,1,0,1.0,,San Diego Hs Of Buisness (San Diego)
053907,SAN DIEGO INTL STUDIES,San Diego,San Diego,37683380107029,3768338,San Diego Unified,1,12.040164403288268,2.0,53.5,172.88235294117646,1,0,1.0,,San Diego Intl Studies (San Diego)
053908,SAN DIEGO LEADS,San Diego,San Diego,37683380107037,3768338,San Diego Unified,1,,,8.0,95.2,1,0,,,San Diego Leads (San Diego)
053909,SAN DIEGO METRO REGIONAL TECHNICAL,San Diego,San Diego,37683380107482,3768338,San Diego Unified,1,6.42755622823566,1.0,8.153846153846153,36.23076923076923,1,0,0.0,,San Diego Metro Regional Technical (San Diego)
052869,SAN DIEGO SCHL CREATE/PERFORM,San Diego,San Diego,37683383730371,3768338,San Diego Unified,1,17.532346580133336,2.0,30.71875,173.625,1,0,1.0,0.0,San Diego Schl Create/Perform (San Diego)
054581,SAN DIEGO VIRTUAL SCHOOL,San Diego,San Diego,37682130123224,3768213,Mountain Empire Unified,1,11.950560056602182,,5.0,156.0,3,0,1.0,,San Diego Virtual School (San Diego)
050448,SAN DIEGO WORKFORCE INNOVATION,National City,San Diego,37679830134890,3767983,Borrego Springs Unified,1,15.75396232542086,,5.5,220.0,4,0,1.0,,San Diego Workforce Innovation (National City)
050865,SAN DIEGUITO ACADEMY,Encinitas,San Diego,37683463737418,3768346,San Dieguito Union High,1,11.053299618836189,2.0,92.4375,398.5625,3,0,1.0,0.0,San Dieguito Academy (Encinitas)
050883,SAN MARCOS HIGH SCHOOL,San Marcos,San Diego,37737913737632,3773791,San Marcos Unified,1,17.429014726465912,2.0,90.125,564.75,4,0,1.0,3.0,San Marcos High (San Marcos)
050884,SAN PASQUAL HIGH SCHOOL,Escondido,San Diego,37681063730058,3768106,Escondido Union High,1,17.068950913010998,1.0,58.5625,495.625,4,0,1.0,2.0,San Pasqual High (Escondido)
053628,SAN YSIDRO HIGH SCHOOL,San Diego,San Diego,37684113731502,3768411,Sweetwater Union High,1,25.061576716809565,1.0,75.5,614.3,0,0,2.0,,San Ysidro High (San Diego)
053342,SANTANA HIGH SCHOOL,Santee,San Diego,37681303737905,3768130,Grossmont Union High,1,15.345705003944438,2.0,26.84375,396.15625,4,0,1.0,6.0,Santana High (Santee)
054600,SCHL ENTREPRENEURSHIP & TECH,San Diego,San Diego,37683380122788,3768338,San Diego Unified,1,7.07632953948726,1.0,8.125,55.75,1,0,0.0,,Schl Entrepreneurship & Tech (San Diego)
053899,SCHOOL MEDIA VISUAL PERFORMING,San Diego,San Diego,,,,1,,,5.0,,4,0,,,School Media Visual Performing (San Diego)
052834,SCRIPPS RANCH HIGH,San Diego,San Diego,37683383730884,3768338,San Diego Unified,1,7.349609600006396,2.0,136.59375,476.9375,1,0,0.0,0.0,Scripps Ranch High (San Diego)
052892,SOUTHWEST HIGH SCHOOL,San Diego,San Diego,37684113730124,3768411,Sweetwater Union High,1,23.254482196532585,0.0,57.5,479.875,0,0,2.0,2.0,Southwest High (San Diego)
053613,STEELE CANYON HIGH SCHOOL,Spring Valley,San Diego,37681303731262,3768130,Grossmont Union High,1,20.707504102317497,2.0,68.4090909090909,488.1363636363636,4,0,2.0,0.0,Steele Canyon High (Spring Valley)
052895,STEPHEN W KEARNY HIGH SCHOOL,San Diego,San Diego,37683383733326,3768338,San Diego Unified,1,,,23.428571428571427,301.1818181818182,1,0,,3.0,Stephen W Kearny High (San Diego)
052105,SWEETWATER HIGH SCHOOL,National City,San Diego,37684113738226,3768411,Sweetwater Union High,1,17.313774643038606,0.0,61.78125,664.15625,0,0,1.0,2.0,Sweetwater High (National City)
050466,TORREY PINES HIGH SCHOOL,San Diego,San Diego,37683463730033,3768346,San Dieguito Union High,1,5.296456874738788,2.0,211.3125,636.96875,3,0,0.0,0.0,Torrey Pines High (San Diego)
052887,UNIVERSITY CITY HIGH SCHOOL,San Diego,San Diego,37683383730314,3768338,San Diego Unified,1,1.928779959746987,2.0,103.96875,401.28125,1,0,0.0,0.0,University City High (San Diego)
050804,VALHALLA HIGH SCHOOL,El Cajon,San Diego,37681303730066,3768130,Grossmont Union High,1,19.949984082185193,2.0,66.21875,508.625,4,0,1.0,1.0,Valhalla High (El Cajon)
053695,VALLEY CENTER HIGH SCHOOL,Valley Center,San Diego,37756143731114,3775614,Valley Center-Pauma Unified,1,30.181389750052496,1.0,25.384615384615383,295.04,4,0,3.0,0.0,Valley Center High (Valley Center)
053675,VISTA HIGH SCHOOL,Vista,San Diego,37684523738705,3768452,Vista Unified,1,23.88926825302931,0.0,50.03125,596.5,4,0,2.0,4.0,Vista High (Vista)
053381,WEST HILLS HIGH SCHOOL,Santee,San Diego,37681303730702,3768130,Grossmont Union High,1,12.996791028286998,2.0,44.71875,458.9375,4,0,1.0,3.0,West Hills High (Santee)
052986,WESTVIEW HIGH SCHOOL,San Diego,San Diego,37682963731528,3768296,Poway Unified,1,7.701169089625122,2.0,201.38095238095238,569.047619047619,3,0,0.0,,Westview High (San Diego)
054176,AIMS COLLEGE PREP HIGH SCHOOL,Oakland,Alameda,01612590111856,0161259,Oakland Unified,0,442.5402008464328,2.0,34.0625,53.625,5,5,5.0,,Aims College Prep High (Oakland)
050011,ALAMEDA COMMUNITY LEARNING CTR,Alameda,Alameda,01611190130609,0161119,Alameda Unified,0,442.22773706354684,2.0,9.578947368421053,37.26315789473684,5,5,5.0,,Alameda Community Learning Ctr (Alameda)
050005,ALAMEDA HIGH SCHOOL,Alameda,Alameda,01611190130229,0161119,Alameda Unified,0,440.01137836597997,2.0,106.9375,413.9375,5,5,5.0,,Alameda High (Alameda)
050029,ALAMEDA SCIENCE & TECHNICAL INST,Alameda,Alameda,01611190106401,0161119,Alameda Unified,0,442.0357010817027,2.0,21.25,40.25,5,5,5.0,,Alameda Science & Technical Inst (Alameda)
050035,ALBANY HIGH SCHOOL,Albany,Alameda,01611270130450,0161127,Albany City Unified,0,448.53730483979837,2.0,80.5,254.71875,5,5,5.0,,Albany High (Albany)
050013,ALTERNATIVES IN ACTION HIGH SCHOOL,Oakland,Alameda,01100170130625,0110017,Alameda County Office of Education,0,438.1651564714013,,6.25,40.0,5,5,5.0,,Alternatives In Action High (Oakland)
052495,AMADOR VALLEY HIGH SCHOOL,Pleasanton,Alameda,01751010130583,0175101,Pleasanton Unified,0,421.69156663257166,2.0,149.75,552.0,5,5,5.0,,Amador Valley High (Pleasanton)
050974,AMERICAN HIGH SCHOOL,Fremont,Alameda,01611760130062,0161176,Fremont Unified,0,421.3145516512682,2.0,125.53125,428.90625,5,5,5.0,,American High (Fremont)
054258,ARISE HIGH SCHOOL,Oakland,Alameda,01612590115238,0161259,Oakland Unified,0,439.8400560776508,0.0,9.333333333333334,64.44444444444444,5,5,5.0,,Arise High (Oakland)
053125,ARROYO HIGH SCHOOL,San Lorenzo,Alameda,01613090130849,0161309,San Lorenzo Unified,0,431.76282304989354,1.0,40.36666666666667,416.0,5,5,5.0,,Arroyo High (San Lorenzo)
054260,ASPIRE GOLDEN STATE COLLG PREP ACAD,Oakland,Alameda,01612590118224,0161259,Oakland Unified,0,438.01113040076973,1.0,8.181818181818182,62.72727272727273,5,5,5.0,,Aspire Golden State Collg Prep Acad (Oakland)
051761,ASPIRE LIONEL WILSON COLG PREP,Oakland,Alameda,01612590130666,0161259,Oakland Unified,0,435.8045697087955,1.0,8.538461538461538,70.38461538461539,5,5,5.0,,Aspire Lionel Wilson Colg Prep (Oakland)
054301,BAY AREA TECHNOLOGY-BAYTECH,Oakland,Alameda,01612590106906,0161259,Oakland Unified,0,436.7893758137608,0.0,8.0,43.0,5,5,5.0,,Bay Area Technology-Baytech (Oakland)
050290,BERKELEY HIGH SCHOOL,Berkeley,Alameda,01611430131177,0161143,Berkeley Unified,0,446.3252573231534,2.0,186.65625,735.65625,5,5,5.0,,Berkeley High (Berkeley)
052190,CASTLEMONT BUS INFORM TECH SCH,Oakland,Alameda,01612590125161,0161259,Oakland Unified,0,436.74368346205364,,5.666666666666667,,5,5,5.0,,Castlemont Bus Inform Tech Sch (Oakland)
054611,CASTLEMONT HIGH SCHOOL,Oakland,Alameda,01612590125161,0161259,Oakland Unified,0,436.74368346205364,0.0,9.444444444444445,151.33333333333334,5,5,5.0,,Castlemont High (Oakland)
050500,CASTRO VALLEY HIGH SCHOOL,Castro Valley,Alameda,01611500132225,0161150,Castro Valley Unified,0,430.8844275857184,2.0,118.78125,597.625,5,5,5.0,,Castro Valley High (Castro Valley)
051061,CIRCLE OF INDEPENDENT LEARNING,Fremont,Alameda,01611760130534,0161176,Fremont Unified,0,419.06224561168415,1.0,6.5,71.75,5,5,5.0,,Circle Of Independent Learning (Fremont)
054412,COLISEUM COLLEGE PREP ACADEMY,Oakland,Alameda,01612590112797,0161259,Oakland Unified,0,437.9626260851685,0.0,7.909090909090909,64.72727272727273,5,5,5.0,,Coliseum College Prep Academy (Oakland)
053854,COLLEGE PREP AND ARCH ACADEMY,Oakland,Alameda,,,,0,,,5.0,,5,5,,,College Prep And Arch Academy (Oakland)
050784,DUBLIN HIGH SCHOOL,Dublin,Alameda,01750930132704,0175093,Dublin Unified,0,426.3482415651135,2.0,117.83870967741936,412.4516129032258,5,5,5.0,,Dublin High (Dublin)
054105,EAST BAY ARTS HIGH SCHOOL,San Lorenzo,Alameda,01613090111799,0161309,San Lorenzo Unified,0,431.59574809201365,,6.0,49.0,5,5,5.0,,East Bay Arts High (San Lorenzo)
054970,EAST BAY INNOVATION ACADEMY,Oakland,Alameda,01612590129932,0161259,Oakland Unified,0,435.26914604263663,,14.75,47.25,5,5,5.0,,East Bay Innovation Academy (Oakland)
059801,EAST BAY INNOVATION ACADEMY,Oakland,Alameda,01612590129932,0161259,Oakland Unified,0,435.26914604263663,,17.5,64.0,5,5,5.0,,East Bay Innovation Academy (Oakland)
053881,EAST OAKLAND SCH OF THE ARTS,Oakland,Alameda,01612590102962,0161259,Oakland Unified,0,,,6.0,57.0,5,5,,,East Oakland Sch Of The Arts (Oakland)
050860,EMERY SECONDARY SCHOOL,Emeryville,Alameda,01611680132746,0161168,Emery Unified,0,444.9928506748628,0.0,6.8,53.0,5,5,5.0,,Emery Secondary School (Emeryville)
050015,ENCINAL HIGH SCHOOL,Alameda,Alameda,01611190132142,0161119,Alameda Unified,0,441.9741396778592,1.0,33.516129032258064,234.8,5,5,5.0,,Encinal High (Alameda)
054285,ENVISION ACAD ARTS/TECHNOLOGY,Oakland,Alameda,01100170112607,0110017,Alameda County Office of Education,0,442.86473287066434,0.0,7.2,73.6,5,5,5.0,,Envision Acad Arts/Technology (Oakland)
054036,EXCEL COLLEGE PREPARATORY HS,Oakland,Alameda,,,,0,,,5.0,,5,5,,,Excel College Preparatory Hs (Oakland)
052213,FAME PUBLIC CHARTER SCHOOL,Newark,Alameda,01100170109835,0110017,Alameda County Office of Education,0,418.27168549419326,,8.0,62.0,5,5,5.0,,Fame Public Charter School (Newark)
052497,FOOTHILL HIGH SCHOOL,Pleasanton,Alameda,01751010130096,0175101,Pleasanton Unified,0,423.5009641867643,2.0,136.53125,469.6875,5,5,5.0,,Foothill High (Pleasanton)
052205,FREMONT HIGH SCHOOL,Oakland,Alameda,01612590125716,0161259,Oakland Unified,0,439.196914316733,0.0,9.210526315789474,177.41666666666666,5,5,5.0,,Fremont High (Oakland)
051423,GRANADA HIGH SCHOOL,Livermore,Alameda,01612000133397,0161200,Livermore Valley Joint Unified,0,419.162786845598,2.0,52.96875,460.0,5,5,5.0,,Granada High (Livermore)
051150,HAYWARD HIGH SCHOOL,Hayward,Alameda,01611920133629,0161192,Hayward Unified,0,428.8797049978078,0.0,19.375,374.15625,5,5,5.0,,Hayward High (Hayward)
054774,HAYWARD TWIN OAKS MONTESSORI,Hayward,Alameda,01611920127944,0161192,Hayward Unified,0,428.4819677881136,,7.0,46.333333333333336,5,5,5.0,,Hayward Twin Oaks Montessori (Hayward)
054255,IMPACT ACAD ARTS/TECHNOLOGY,Hayward,Alameda,01611920137646,0161192,Hayward Unified,0,427.89192643535233,,12.23076923076923,102.28571428571429,5,5,5.0,,Impact Acad Arts/Technology (Hayward)
050968,IRVINGTON HIGH SCHOOL,Fremont,Alameda,01611760134270,0161176,Fremont Unified,0,417.43465743974957,2.0,156.6875,423.09375,5,5,5.0,,Irvington High (Fremont)
050969,JAMES LOGAN HIGH SCHOOL,Union City,Alameda,01612420134668,0161242,New Haven Unified,0,423.12326290672013,2.0,112.09375,866.5,5,5,5.0,,James Logan High (Union City)
050966,JOHN F KENNEDY HIGH SCHOOL,Fremont,Alameda,01611760134452,0161176,Fremont Unified,0,418.2426517006322,1.0,32.9375,320.65625,5,5,5.0,,John F Kennedy High (Fremont)
054231,KIPP KING COLLEGIATE HIGH SCH,San Lorenzo,Alameda,01613090114421,0161309,San Lorenzo Unified,0,431.84964935470583,2.0,37.4,129.13333333333333,5,5,5.0,,Kipp King Collegiate High Sch (San Lorenzo)
051689,LATITUDE 37.8 HS MERRITT COLLEGE,Oakland,Alameda,01771800138289,0177180,SBE - Latitude 37.8 High,0,440.0413637258771,,7.5,57.25,5,5,5.0,,Latitude 37.8 Hs Merritt College (Oakland)
054140,LEADERSHIP PUB SCH COLG PARK,Oakland,Alameda,,,,0,,,7.0,,5,5,,,Leadership Pub Sch Colg Park (Oakland)
051231,LEADERSHIP PUBLIC SCH HAYWARD,Hayward,Alameda,01611920108670,0161192,Hayward Unified,0,427.0018548641342,2.0,18.3125,125.9375,5,5,5.0,,Leadership Public Sch Hayward (Hayward)
052212,LIFE ACADEMY HIGH SCHOOL,Oakland,Alameda,01612590130575,0161259,Oakland Unified,0,439.9644976637988,0.0,8.066666666666666,63.2,5,5,5.0,,Life Academy High (Oakland)
054151,LIGHTHOUSE COMMUNITY CHAR HS,Oakland,Alameda,01612590108944,0161259,Oakland Unified,0,436.7844110038102,2.0,10.0,63.4,5,5,5.0,,Lighthouse Community Char Hs (Oakland)
051425,LIVERMORE HIGH SCHOOL,Livermore,Alameda,01612000134536,0161200,Livermore Valley Joint Unified,0,418.48025346146386,2.0,37.90625,418.4375,5,5,5.0,,Livermore High (Livermore)
051541,LIVERMORE VALLEY CHARTER PREPA,Livermore,Alameda,01612000120931,0161200,Livermore Valley Joint Unified,0,421.73651095572785,2.0,12.75,89.5,5,5,5.0,,Livermore Valley Charter Prepa (Livermore)
054993,LODESTAR LIGHTHOUSE COMM CHARTER SC,Oakland,Alameda,01612590134015,0161259,Oakland Unified,0,435.9855748580048,,10.0,49.0,5,5,5.0,,Lodestar Lighthouse Comm Charter Sc (Oakland)
054704,LPS OAKLAND R&D CAMPUS,Oakland,Alameda,01100170126748,0110017,Alameda County Office of Education,0,,,6.4,,5,5,,,Lps Oakland R&D Campus (Oakland)
054768,MADISON PARK ACADEMY,Oakland,Alameda,01612596066450,0161259,Oakland Unified,0,435.6740868974568,0.0,7.25,88.75,5,5,5.0,,Madison Park Academy (Oakland)
053902,MANDELA HIGH SCHOOL,Oakland,Alameda,01612590100826,0161259,Oakland Unified,0,,,6.0,49.0,5,5,,,Mandela High (Oakland)
052220,MCCLYMONDS HIGH SCHOOL,Oakland,Alameda,01612590110189,0161259,Oakland Unified,0,443.9347486633789,0.0,9.090909090909092,73.6,5,5,5.0,,Mcclymonds High (Oakland)
053009,METWEST HIGH SCHOOL,Oakland,Alameda,01612590149187,0161259,Oakland Unified,0,442.0157669298,,9.5,56.0,5,5,5.0,,Metwest High (Oakland)
050970,MISSION SAN JOSE HIGH SCHOOL,Fremont,Alameda,01611760135244,0161176,Fremont Unified,0,417.2683979932945,2.0,301.15625,489.5625,5,5,5.0,,Mission San Jose High (Fremont)
051153,MOUNT EDEN HIGH SCHOOL,Hayward,Alameda,01611920135319,0161192,Hayward Unified,0,427.1560778489832,1.0,29.225806451612904,460.1290322580645,5,5,5.0,,Mount Eden High (Hayward)
054529,NEA COMMUNITY LEARNING CENTER,Alameda,Alameda,01611190119222,0161119,Alameda Unified,0,442.22773706354684,1.0,6.8,34.8,5,5,5.0,,Nea Community Learning Center (Alameda)
052114,NEWARK MEMORIAL HIGH SCHOOL,Newark,Alameda,01612340130054,0161234,Newark Unified,0,418.5899276704647,1.0,33.3125,425.65625,5,5,5.0,,Newark Memorial High (Newark)
054303,OAKLAND CHARTER HIGH SCHOOL,Oakland,Alameda,01612590114868,0161259,Oakland Unified,0,440.14857023441306,2.0,26.785714285714285,79.14285714285714,5,5,5.0,,Oakland Charter High (Oakland)
052225,OAKLAND HIGH SCHOOL,Oakland,Alameda,01612590135905,0161259,Oakland Unified,0,441.7670741656636,0.0,40.375,376.15625,5,5,5.0,,Oakland High (Oakland)
054232,OAKLAND INTERNATIONAL HIGH SCH,Oakland,Alameda,01612590115667,0161259,Oakland Unified,0,444.08633426441116,0.0,8.2,84.0,5,5,5.0,,Oakland International High Sch (Oakland)
053972,OAKLAND MILITARY INST COL PREP,Oakland,Alameda,01612590130617,0161259,Oakland Unified,0,444.30748949736625,0.0,10.25,69.6875,5,5,5.0,,Oakland Military Inst Col Prep (Oakland)
052410,OAKLAND SCHOOL FOR THE ARTS,Oakland,Alameda,01612593030772,0161259,Oakland Unified,0,443.1439128041985,2.0,19.692307692307693,99.53846153846153,5,5,5.0,,Oakland School For The Arts (Oakland)
052240,OAKLAND TECHNICAL HIGH SCHOOL,Oakland,Alameda,01612590136051,0161259,Oakland Unified,0,443.7751173975697,1.0,69.9375,370.09375,5,5,5.0,,Oakland Technical High (Oakland)
052484,OAKLAND UNITY HIGH SCHOOL,Oakland,Alameda,01612590100065,0161259,Oakland Unified,0,438.29122864687764,,6.0,71.66666666666667,5,5,5.0,,Oakland Unity High (Oakland)
052462,PIEDMONT HIGH SCHOOL,Piedmont,Alameda,01612750136515,0161275,Piedmont City Unified,0,442.5949729001758,2.0,78.5,191.21875,5,5,5.0,,Piedmont High (Piedmont)
050311,REALM CHARTER HIGH SCHOOL,Berkeley,Alameda,01611430122697,0161143,Berkeley Unified,0,447.09995596449556,0.0,7.0,79.66666666666667,5,5,5.0,,Realm Charter High (Berkeley)
050952,ROBERTSON HIGH SCH VISTA ALTERNATVE,Fremont,Alameda,01611760130435,0161176,Fremont Unified,0,417.07767076454337,,5.0,32.0,5,5,5.0,,Robertson High Sch Vista Alternatve (Fremont)
053120,SAN LEANDRO HIGH SCHOOL,San Leandro,Alameda,01612910137588,0161291,San Leandro Unified,0,433.8029213300541,0.0,47.96875,545.3125,5,5,5.0,,San Leandro High (San Leandro)
053130,SAN LORENZO HIGH SCHOOL,San Lorenzo,Alameda,01613090137810,0161309,San Lorenzo Unified,0,431.49935136253765,0.0,15.074074074074074,331.85185185185185,5,5,5.0,,San Lorenzo High (San Lorenzo)
052238,SKYLINE HIGH SCHOOL,Oakland,Alameda,01612590137943,0161259,Oakland Unified,0,438.75210823464823,0.0,50.375,420.125,5,5,5.0,,Skyline High (Oakland)
051152,TENNYSON HIGH SCHOOL,Hayward,Alameda,01611920138339,0161192,Hayward Unified,0,427.16606278938974,0.0,11.576923076923077,366.96153846153845,5,5,5.0,,Tennyson High (Hayward)
050972,WASHINGTON HIGH SCHOOL,Fremont,Alameda,01611760138693,0161176,Fremont Unified,0,419.89651750670043,2.0,76.5,409.8125,5,5,5.0,,Washington High (Fremont)
053480,AMADOR HIGH SCHOOL,Sutter Creek,Amador,03739810330753,0373981,Amador County Unified,0,430.8445276979772,2.0,8.222222222222221,164.11111111111111,5,5,5.0,,Amador High (Sutter Creek)
051275,ARGONAUT HIGH SCHOOL,Jackson,Amador,03739810334755,0373981,Amador County Unified,0,427.65579337326596,,6.5,133.8,5,5,5.0,,Argonaut High (Jackson)
050545,CHICO HIGH SCHOOL,Chico,Butte,04614240431676,0461424,Chico Unified,0,538.5819550436211,2.0,22.133333333333333,439.1,5,5,5.0,,Chico High (Chico)
054171,CORE BUTTE CHARTER SCHOOL,Chico,Butte,04100410114991,0410041,Butte County Office of Education,0,535.3191909566779,,6.0,111.0,5,5,5.0,,Core Butte Charter School (Chico)
050790,DURHAM HIGH SCHOOL,Durham,Butte,04614320433201,0461432,Durham Unified,0,532.1148169385497,1.0,6.0,94.33333333333333,5,5,5.0,,Durham High (Durham)
051105,GRIDLEY HIGH SCHOOL,Gridley,Butte,04755070433953,0475507,Gridley Unified,0,512.2471343643934,1.0,7.125,148.25,5,5,5.0,,Gridley High (Gridley)
054416,INSPIRE SCHOOL OF ARTS AND SCIENCES,Chico,Butte,04614240120394,0461424,Chico Unified,0,538.6451509030151,2.0,6.0,94.625,5,5,5.0,,Inspire School Of Arts And Sciences (Chico)
052293,LAS PLUMAS HIGH SCHOOL,Oroville,Butte,04615150434803,0461515,Oroville Union High,0,515.2631750116788,0.0,7.333333333333333,275.6666666666667,5,5,5.0,,Las Plumas High (Oroville)
052295,OROVILLE HIGH SCHOOL,Oroville,Butte,04615150435602,0461515,Oroville Union High,0,517.4389017913351,1.0,6.6,245.1,5,5,5.0,,Oroville High (Oroville)
052360,PARADISE HIGH SCHOOL,Paradise,Butte,04615310437350,0461531,Paradise Unified,0,534.1090231691461,1.0,7.25,292.6,5,5,5.0,,Paradise High (Paradise)
050548,PLEASANT VALLEY SR HIGH SCHOOL,Chico,Butte,04614240437558,0461424,Chico Unified,0,539.3742136155539,2.0,24.90625,443.71875,5,5,5.0,,Pleasant Valley Sr High (Chico)
050100,BRET HARTE UNION HIGH SCHOOL,Angels Camp,Calaveras,05615560532507,0561556,Bret Harte Union High,0,404.87166422075336,1.0,8.227272727272727,152.45454545454547,5,5,5.0,,Bret Harte Union High (Angels Camp)
052760,CALAVERAS HIGH SCHOOL,San Andreas,Calaveras,05615640531509,0561564,Calaveras Unified,0,415.5500023281303,1.0,7.619047619047619,224.33333333333334,5,5,5.0,,Calaveras High (San Andreas)
050645,COLUSA HIGH SCHOOL,Colusa,Colusa,06615980631259,0661598,Colusa Unified,0,511.9024412213817,1.0,6.4,98.3,5,5,5.0,,Colusa High (Colusa)
050120,PIERCE HIGH SCHOOL,Arbuckle,Colusa,06616140635250,0661614,Pierce Joint Unified,0,501.90710044440954,,7.0,107.5,5,5,5.0,,Pierce High (Arbuckle)
053770,WILLIAMS HIGH SCHOOL,Williams,Colusa,06616220637504,0661622,Williams Unified,0,513.4027033584415,,7.833333333333333,87.33333333333333,5,5,5.0,,Williams High (Williams)
051315,ACALANES HIGH SCHOOL,Lafayette,Contra Costa,07616300730283,0761630,Acalanes Union High,0,442.11338076742857,2.0,87.0,317.96875,5,5,5.0,,Acalanes High (Lafayette)
051915,ALHAMBRA HIGH SCHOOL,Martinez,Contra Costa,07617390730549,0761739,Martinez Unified,0,448.5466350236375,1.0,18.0,266.0,5,5,5.0,,Alhambra High (Martinez)
050115,ANTIOCH HIGH SCHOOL,Antioch,Contra Costa,07616480730861,0761648,Antioch Unified,0,438.004945662803,0.0,15.03225806451613,491.4516129032258,5,5,5.0,,Antioch High (Antioch)
054847,ASPIRE RICHMOND CA COLG PREP,Richmond,Contra Costa,07617960132100,0761796,West Contra Costa Unified,0,454.03102641224274,1.0,10.571428571428571,68.0,5,5,5.0,,Aspire Richmond Ca Colg Prep (Richmond)
053229,CALIFORNIA HIGH SCHOOL,San Ramon,Contra Costa,07618040730051,0761804,San Ramon Valley Unified,0,428.4859232145225,2.0,139.125,557.375,5,5,5.0,,California High (San Ramon)
052058,CAMPOLINDO HIGH SCHOOL,Moraga,Contra Costa,07616300731125,0761630,Acalanes Union High,0,440.84689635239914,2.0,95.8125,302.03125,5,5,5.0,,Campolindo High (Moraga)
050658,CLAYTON VALLEY CHARTER HIGH SCHOOL,Concord,Contra Costa,07100740731380,0710074,Contra Costa County Office of Education,0,440.0193898904524,2.0,47.25,509.53846153846155,5,5,5.0,,Clayton Valley Charter High (Concord)
050659,COLLEGE PARK HIGH SCHOOL,Pleasant Hill,Contra Costa,07617540731646,0761754,Mt. Diablo Unified,0,444.45446245277986,2.0,51.5,426.21875,5,5,5.0,,College Park High (Pleasant Hill)
050657,CONCORD HIGH SCHOOL,Concord,Contra Costa,07617540731836,0761754,Mt. Diablo Unified,0,442.17544457107346,1.0,14.96774193548387,319.0967741935484,5,5,5.0,,Concord High (Concord)
050329,CONTRA COSTA SCH PRFRMING ARTS,Walnut Creek,Contra Costa,07100740134114,0710074,Contra Costa County Office of Education,0,440.9257055367196,,5.0,27.0,5,5,5.0,,Contra Costa Sch Prfrming Arts (Walnut Creek)
052625,DE ANZA HIGH SCHOOL,Richmond,Contra Costa,07617960732164,0761796,West Contra Costa Unified,0,451.99535743386076,0.0,18.133333333333333,271.7,5,5,5.0,,De Anza High (Richmond)
050109,DEER VALLEY HIGH SCHOOL,Antioch,Contra Costa,07616480730465,0761648,Antioch Unified,0,434.57954585882953,1.0,30.555555555555557,604.925925925926,5,5,5.0,,Deer Valley High (Antioch)
053218,DOUGHERTY VALLEY HIGH SCHOOL,San Ramon,Contra Costa,07618040113118,0761804,San Ramon Valley Unified,0,427.9969571247703,2.0,380.25,644.5,5,5,5.0,,Dougherty Valley High (San Ramon)
054355,DOZIER-LIBBEY MEDICAL HIGH SCH,Antioch,Contra Costa,07616480117218,0761648,Antioch Unified,0,433.2294437487598,2.0,18.428571428571427,144.42857142857142,5,5,5.0,,Dozier-Libbey Medical High Sch (Antioch)
050815,EL CERRITO HIGH SCHOOL,El Cerrito,Contra Costa,07617960732941,0761796,West Contra Costa Unified,0,449.1374846990781,0.0,56.5625,326.65625,5,5,5.0,,El Cerrito High (El Cerrito)
050372,FREEDOM HIGH SCHOOL,Oakley,Contra Costa,07617210730457,0761721,Liberty Union High,0,432.6585010704292,0.0,21.791666666666668,527.7083333333334,5,5,5.0,,Freedom High (Oakley)
051206,HERCULES HIGH SCHOOL,Hercules,Contra Costa,07617960730598,0761796,West Contra Costa Unified,0,452.51599913900213,1.0,34.78260869565217,227.43478260869566,5,5,5.0,,Hercules High (Hercules)
050386,HERITAGE HIGH SCHOOL,Brentwood,Contra Costa,07617210107797,0761721,Liberty Union High,0,431.45495451096275,2.0,59.333333333333336,548.6111111111111,5,5,5.0,,Heritage High (Brentwood)
055036,INVICTUS ACADEMY OF RICHMOND,El Cerrito,Contra Costa,07100740137026,0710074,Contra Costa County Office of Education,0,449.8393297002892,,5.0,62.0,5,5,5.0,,Invictus Academy Of Richmond (El Cerrito)
052630,JOHN F KENNEDY HIGH SCHOOL,Richmond,Contra Costa,07617960733659,0761796,West Contra Costa Unified,0,451.3476354445575,0.0,7.75,199.5,5,5,5.0,,John F Kennedy High (Richmond)
054856,JOHN HENRY HIGH SCHOOL,Richmond,Contra Costa,07773540132233,0777354,,0,451.6076667937992,,8.0,72.75,5,5,5.0,,John Henry High (Richmond)
050710,JOHN SWETT HIGH SCHOOL,Crockett,Contra Costa,07616970737023,0761697,John Swett Unified,0,454.2295949251657,1.0,8.222222222222221,116.16666666666667,5,5,5.0,,John Swett High (Crockett)
053680,LAS LOMAS HIGH SCHOOL,Walnut Creek,Contra Costa,07616300733725,0761630,Acalanes Union High,0,439.91073530945596,2.0,73.8125,360.0625,5,5,5.0,,Las Lomas High (Walnut Creek)
053970,LEADERSHIP PUBLIC SCH RICHMOND,Richmond,Contra Costa,07617960101477,0761796,West Contra Costa Unified,0,452.9384807400484,1.0,13.461538461538462,128.6153846153846,5,5,5.0,,Leadership Public Sch Richmond (Richmond)
050375,LIBERTY HIGH SCHOOL,Brentwood,Contra Costa,07617210733980,0761721,Liberty Union High,0,430.0954852850562,1.0,23.419354838709676,532.6451612903226,5,5,5.0,,Liberty High (Brentwood)
054553,MAKING WAVES ACADEMY,Richmond,Contra Costa,07100740114470,0710074,Contra Costa County Office of Education,0,454.7387129806106,2.0,14.454545454545455,87.0,5,5,5.0,,Making Waves Academy (Richmond)
053204,MIDDLE COLLEGE HIGH SCHOOL,San Pablo,Contra Costa,07617960730291,0761796,West Contra Costa Unified,0,454.07956411941393,2.0,17.136363636363637,65.13636363636364,5,5,5.0,,Middle College High (San Pablo)
052282,MIRAMONTE HIGH SCHOOL,Orinda,Contra Costa,07616300734244,0761630,Acalanes Union High,0,440.42471070333386,2.0,104.53125,300.0,5,5,5.0,,Miramonte High (Orinda)
050727,MONTE VISTA HIGH SCHOOL,Danville,Contra Costa,07618040734368,0761804,San Ramon Valley Unified,0,434.8882782096996,2.0,152.03125,527.375,5,5,5.0,,Monte Vista High (Danville)
050660,MOUNT DIABLO HIGH SCHOOL,Concord,Contra Costa,07617540734566,0761754,Mt. Diablo Unified,0,444.14743890784945,0.0,10.695652173913043,305.8695652173913,5,5,5.0,,Mount Diablo High (Concord)
050666,NORTHGATE HIGH SCHOOL,Walnut Creek,Contra Costa,07617540730044,0761754,Mt. Diablo Unified,0,439.2342650353561,2.0,93.5,364.34375,5,5,5.0,,Northgate High (Walnut Creek)
052464,PINOLE VALLEY HIGH SCHOOL,Pinole,Contra Costa,07617960735316,0761796,West Contra Costa Unified,0,453.1783178447757,0.0,30.0625,351.4375,5,5,5.0,,Pinole Valley High (Pinole)
052475,PITTSBURG HIGH SCHOOL,Pittsburg,Contra Costa,07617880735407,0761788,Pittsburg Unified,0,440.903621820031,0.0,25.70967741935484,556.3870967741935,5,5,5.0,,Pittsburg High (Pittsburg)
050306,RICHMOND CA COLLEGE PREPRATORY,Richmond,Contra Costa,07617960132100,0761796,West Contra Costa Unified,0,454.03102641224274,,7.0,,5,5,5.0,,Richmond Ca College Prepratory (Richmond)
052636,RICHMOND HIGH SCHOOL,Richmond,Contra Costa,07617960735902,0761796,West Contra Costa Unified,0,453.38310881023153,0.0,13.954545454545455,347.3636363636364,5,5,5.0,,Richmond High (Richmond)
050725,SAN RAMON VALLEY HIGH SCHOOL,Danville,Contra Costa,07618040736504,0761804,San Ramon Valley Unified,0,434.7228225844176,2.0,89.5,484.34375,5,5,5.0,,San Ramon Valley High (Danville)
252215,SUMMIT PUBLIC SCHOOL K2,El Cerrito,Contra Costa,07100740129684,0710074,Contra Costa County Office of Education,0,450.80143804349296,,14.166666666666666,80.83333333333333,5,5,5.0,,Summit Public School K2 (El Cerrito)
054928,SUMMIT PUBLIC SCHOOL TAMALPAIS,San Pablo,Contra Costa,07617960133637,0761796,West Contra Costa Unified,0,454.0220422446615,,18.0,91.75,5,5,5.0,,Summit Public School Tamalpais (San Pablo)
053224,VENTURE SCHOOL,San Ramon,Contra Costa,07618040730218,0761804,San Ramon Valley Unified,0,428.0256532221884,,5.666666666666667,115.66666666666667,5,5,5.0,,Venture School (San Ramon)
050663,YGNACIO VALLEY HIGH SCHOOL,Concord,Contra Costa,07617540737809,0761754,Mt. Diablo Unified,0,441.21816964270397,0.0,15.5,296.1333333333333,5,5,5.0,,Ygnacio Valley High (Concord)
050705,DEL NORTE HIGH SCHOOL,Crescent City,Del Norte,08618200833004,0861820,Del Norte County Unified,0,723.233291108268,1.0,7.615384615384615,237.30769230769232,5,5,5.0,,Del Norte High (Crescent City)
052485,EL DORADO HIGH SCHOOL,Placerville,El Dorado,09618530932756,0961853,El Dorado Union High,0,451.2468379974394,2.0,11.655172413793103,305.9655172413793,5,5,5.0,,El Dorado High (Placerville)
051036,GOLDEN SIERRA HIGH SCHOOL,Garden Valley,El Dorado,09737830930073,0973783,Black Oak Mine Unified,0,459.4829951454535,,5.571428571428571,147.71428571428572,5,5,5.0,,Golden Sierra High (Garden Valley)
052483,MOUNTAINSIDE MIDDLE COLLEGE HS,Placerville,El Dorado,09100900930123,0910090,El Dorado County Office of Education,0,451.8530874566768,,7.0,87.0,5,5,5.0,,Mountainside Middle College Hs (Placerville)
050818,OAK RIDGE HIGH SCHOOL,El Dorado Hills,El Dorado,09618530930081,0961853,El Dorado Union High,0,454.78338231748694,2.0,70.96875,499.0625,5,5,5.0,,Oak Ridge High (El Dorado Hills)
054111,OCEAN GROVE CHARTER SCHOOL,Placerville,El Dorado,44698070110007,4469807,San Lorenzo Valley Unified,0,405.8681462147233,,8.6,126.6,5,5,5.0,,Ocean Grove Charter School (Placerville)
053373,PONDEROSA HIGH SCHOOL,Shingle Springs,El Dorado,09618530936302,0961853,El Dorado Union High,0,450.93352028085064,2.0,26.633333333333333,435.3,5,5,5.0,,Ponderosa High (Shingle Springs)
054344,SKY MOUNTAIN CHARTER SCHOOL,Placerville,El Dorado,36750510115089,3675051,Lucerne Valley Unified,0,449.50163898767954,,7.333333333333333,114.33333333333333,5,5,5.0,,Sky Mountain Charter School (Placerville)
050075,SOUTH TAHOE HIGH SCHOOL,South Lake Tahoe,El Dorado,09619030937805,0961903,Lake Tahoe Unified,0,444.47622909024795,0.0,19.967741935483872,277.80645161290323,5,5,5.0,,South Tahoe High (South Lake Tahoe)
050819,UNION MINE HIGH SCHOOL,El Dorado,El Dorado,09618530930164,0961853,El Dorado Union High,0,448.77991950614114,2.0,14.208333333333334,278.625,5,5,5.0,,Union Mine High (El Dorado)
050618,BUCHANAN HIGH SCHOOL,Clovis,Fresno,10621171030501,1062117,Clovis Unified,0,308.6239560373315,2.0,46.38709677419355,622.7096774193549,5,5,5.0,,Buchanan High (Clovis)
050973,BULLARD HIGH SCHOOL,Fresno,Fresno,10621661030279,1062166,Fresno Unified,0,308.742432180894,0.0,39.8125,575.125,5,5,5.0,,Bullard High (Fresno)
050495,CARUTHERS HIGH SCHOOL,Caruthers,Fresno,10755981030535,1075598,Caruthers Unified,0,292.82868978732364,0.0,7.333333333333333,136.66666666666666,5,5,5.0,,Caruthers High (Caruthers)
050975,CENTRAL EAST HIGH SCHOOL,Fresno,Fresno,10739651030626,1073965,Central Unified,0,308.84777129815825,0.0,21.464285714285715,726.7037037037037,5,5,5.0,,Central East High (Fresno)
054996,CENTRAL HIGH SCHOOL,Fresno,Fresno,10739651030790,1073965,Central Unified,0,310.14888000926726,,7.5,212.0,5,5,5.0,,Central High (Fresno)
050622,CLOVIS EAST HIGH SCHOOL,Clovis,Fresno,10621171030683,1062117,Clovis Unified,0,303.059777485054,1.0,27.434782608695652,561.0,5,5,5.0,,Clovis East High (Clovis)
050615,CLOVIS HIGH SCHOOL,Clovis,Fresno,10621171031053,1062117,Clovis Unified,0,305.42545361665725,2.0,25.90625,692.40625,5,5,5.0,,Clovis High (Clovis)
050628,CLOVIS NORTH HIGH SCHOOL,Fresno,Fresno,10621170113555,1062117,Clovis Unified,0,311.1848074405579,2.0,86.8,545.4666666666667,5,5,5.0,,Clovis North High (Fresno)
050606,CLOVIS ONLINE SCHOOL,Clovis,Fresno,10621170118018,1062117,Clovis Unified,0,306.4309948480957,,5.0,178.0,5,5,5.0,,Clovis Online School (Clovis)
050982,CLOVIS WEST HIGH SCHOOL,Fresno,Fresno,10621171030196,1062117,Clovis Unified,0,310.04879558197916,2.0,62.5,579.9375,5,5,5.0,,Clovis West High (Fresno)
050630,COALINGA HIGH SCHOOL,Coalinga,Fresno,10621251031376,1062125,Coalinga-Huron Unified,0,287.37796090387604,0.0,7.285714285714286,256.57142857142856,5,5,5.0,,Coalinga High (Coalinga)
054003,DESIGN SCIENCE MIDDLE COLG HS,Fresno,Fresno,10621660108555,1062166,Fresno Unified,0,305.3944642989052,2.0,16.384615384615383,65.07692307692308,5,5,5.0,,Design Science Middle Colg Hs (Fresno)
050997,DUNCAN POLYTECHNICAL HS,Fresno,Fresno,10621661030295,1062166,Fresno Unified,0,305.2675098684908,0.0,12.0,238.7,5,5,5.0,,Duncan Polytechnical Hs (Fresno)
050980,EDISON HIGH SCHOOL,Fresno,Fresno,10621661031897,1062166,Fresno Unified,0,302.840118960374,1.0,46.46875,456.1875,5,5,5.0,,Edison High (Fresno)
050937,FIREBAUGH HIGH SCHOOL,Firebaugh,Fresno,10738091030121,1073809,Firebaugh-Las Deltas Unified,0,328.82475110697027,0.0,7.823529411764706,155.47058823529412,5,5,5.0,,Firebaugh High (Firebaugh)
050967,FOWLER HIGH SCHOOL,Fowler,Fresno,10621581032150,1062158,Fowler Unified,0,293.9183194548451,1.0,10.916666666666666,167.29166666666666,5,5,5.0,,Fowler High (Fowler)
050985,FRESNO HIGH SCHOOL,Fresno,Fresno,10621661032507,1062166,Fresno Unified,0,305.4851107804696,0.0,13.214285714285714,464.39285714285717,5,5,5.0,,Fresno High (Fresno)
050989,HERBERT HOOVER HIGH SCHOOL,Fresno,Fresno,10621661032911,1062166,Fresno Unified,0,307.74178110583637,0.0,13.166666666666666,420.03333333333336,5,5,5.0,,Herbert Hoover High (Fresno)
054997,JUSTIN GARZA HIGH SCHOOL,Fresno,Fresno,10739650140509,1073965,Central Unified,0,310.30120468065746,,26.0,470.0,5,5,5.0,,Justin Garza High (Fresno)
051295,KERMAN HIGH SCHOOL,Kerman,Fresno,10739991033430,1073999,Kerman Unified,0,310.801116355144,1.0,9.363636363636363,291.95454545454544,5,5,5.0,,Kerman High (Kerman)
051310,KINGSBURG HIGH SCHOOL,Kingsburg,Fresno,10622571033695,1062257,Kingsburg Joint Union High,0,283.61719469286,1.0,10.2,241.48,5,5,5.0,,Kingsburg High (Kingsburg)
050977,MCLANE HIGH SCHOOL,Fresno,Fresno,10621661034214,1062166,Fresno Unified,0,304.7207491757023,0.0,10.652173913043478,402.7391304347826,5,5,5.0,,Mclane High (Fresno)
051952,MENDOTA HIGH SCHOOL,Mendota,Fresno,10751271030493,1075127,Mendota Unified,0,321.2912178899368,0.0,10.153846153846153,187.46153846153845,5,5,5.0,,Mendota High (Mendota)
053976,ORANGE COVE HIGH SCHOOL,Orange Cove,Fresno,10622650108092,1062265,Kings Canyon Joint Unified,0,284.14451457526127,1.0,7.125,126.875,5,5,5.0,,Orange Cove High (Orange Cove)
052370,PARLIER HIGH SCHOOL,Parlier,Fresno,10623641034990,1062364,Parlier Unified,0,288.92531756764487,0.0,11.066666666666666,200.06666666666666,5,5,5.0,,Parlier High (Parlier)
054849,PHILLIP J PATINO SCH ENTREPREN,Fresno,Fresno,10621660132134,1062166,Fresno Unified,0,305.2682230939973,1.0,6.666666666666667,56.666666666666664,5,5,5.0,,Phillip J Patino Sch Entrepren (Fresno)
052615,REEDLEY HIGH SCHOOL,Reedley,Fresno,10622651035310,1062265,Kings Canyon Joint Unified,0,286.3282449927037,1.0,18.103448275862068,403.55172413793105,5,5,5.0,,Reedley High (Reedley)
054666,REEDLEY MIDDLE COLLEGE HS,Reedley,Fresno,10622650126292,1062265,Kings Canyon Joint Unified,0,287.04142536001984,,9.333333333333334,53.333333333333336,5,5,5.0,,Reedley Middle College Hs (Reedley)
052660,RIVERDALE HIGH SCHOOL,Riverdale,Fresno,10754081035575,1075408,Riverdale Joint Unified,0,286.99085561409134,0.0,7.833333333333333,128.25,5,5,5.0,,Riverdale High (Riverdale)
053065,SANGER HIGH SCHOOL,Sanger,Fresno,10624141036094,1062414,Sanger Unified,0,296.68237174668803,1.0,21.9375,551.875,5,5,5.0,,Sanger High (Sanger)
055037,SANGER WEST HIGH SCHOOL,Fresno,Fresno,10624140141291,1062414,Sanger Unified,0,298.8703823880205,,27.0,327.5,5,5,5.0,,Sanger West High (Fresno)
053350,SELMA HIGH SCHOOL,Selma,Fresno,10624301036672,1062430,Selma Unified,0,289.22470772383934,1.0,17.615384615384617,348.88461538461536,5,5,5.0,,Selma High (Selma)
053688,SIERRA CHARTER SCHOOL,Fresno,Fresno,10621660114355,1062166,Fresno Unified,0,303.5906016996381,,11.6,208.8,5,5,5.0,,Sierra Charter School (Fresno)
053505,SIERRA HIGH SCHOOL,Tollhouse,Fresno,10752751036938,1075275,Sierra Unified,0,313.4059584858956,2.0,6.230769230769231,200.15384615384616,5,5,5.0,,Sierra High (Tollhouse)
051045,SUNNYSIDE HIGH SCHOOL,Fresno,Fresno,10621661030675,1062166,Fresno Unified,0,301.2314131892774,0.0,35.041666666666664,611.0416666666666,5,5,5.0,,Sunnyside High (Fresno)
050995,THEODORE ROOSEVELT HIGH SCHOOL,Fresno,Fresno,10621661035831,1062166,Fresno Unified,0,302.7438055725197,0.0,17.53846153846154,483.61538461538464,5,5,5.0,,Theodore Roosevelt High (Fresno)
053530,TRANQUILLITY HIGH SCHOOL,Tranquillity,Fresno,10752341037456,1075234,Golden Plains Unified,0,311.554816238987,0.0,7.2,107.9,5,5,5.0,,Tranquillity High (Tranquillity)
050936,UNIVERSITY HIGH SCHOOL,Fresno,Fresno,10621660114553,1062166,Fresno Unified,0,306.6303785839704,2.0,30.227272727272727,107.55555555555556,5,5,5.0,,University High (Fresno)
051000,WASHINGTON UNION HIGH SCHOOL,Fresno,Fresno,10767781038306,1076778,Washington Unified,0,298.03710691463874,0.0,10.1,243.25,5,5,5.0,,Washington Union High (Fresno)
051125,HAMILTON UNION HIGH SCHOOL,Hamilton City,Glenn,11765621133701,1176562,Hamilton Unified,0,543.8290275434724,,8.0,75.0,5,5,5.0,,Hamilton Union High (Hamilton City)
052285,ORLAND HIGH SCHOOL,Orland,Glenn,11754811135656,1175481,Orland Joint Unified,0,548.868639033203,0.0,6.0,165.25,5,5,5.0,,Orland High (Orland)
053780,WILLOWS HIGH SCHOOL,Willows,Glenn,11626611132851,1162661,Willows Unified,0,535.7697483952994,,5.333333333333333,114.0,5,5,5.0,,Willows High (Willows)
054135,ACADEMY OF THE REDWOODS,Eureka,Humboldt,12628100108688,1262810,Fortuna Union High,0,662.9778959731461,2.0,7.428571428571429,39.0,5,5,5.0,,Academy Of The Redwoods (Eureka)
050135,ARCATA HIGH SCHOOL,Arcata,Humboldt,12626871230705,1262687,Northern Humboldt Union High,0,669.3969266408797,2.0,16.833333333333332,218.16666666666666,5,5,5.0,,Arcata High (Arcata)
050900,EUREKA HIGH SCHOOL,Eureka,Humboldt,12755151232206,1275515,Eureka City Schools,0,666.8387528740728,1.0,10.2,314.56,5,5,5.0,,Eureka High (Eureka)
050965,FORTUNA UNION HIGH SCHOOL,Fortuna,Humboldt,12628101233402,1262810,Fortuna Union High,0,655.9714968618247,0.0,7.7368421052631575,209.42105263157896,5,5,5.0,,Fortuna Union High (Fortuna)
051948,MCKINLEYVILLE HIGH SCHOOL,Mckinleyville,Humboldt,12626871235209,1262687,Northern Humboldt Union High,0,674.5035910113205,1.0,6.833333333333333,158.41666666666666,5,5,5.0,,Mckinleyville High (Mckinleyville)
053609,NORTHCOAST PREPARATORY ACADEMY,Arcata,Humboldt,12101240134163,1210124,Humboldt County Office of Education,0,668.2844751970205,2.0,8.181818181818182,25.428571428571427,5,5,5.0,,Northcoast Preparatory Academy (Arcata)
051980,SOUTH FORK HIGH SCHOOL,Miranda,Humboldt,12630401237007,1263040,Southern Humboldt Joint Unified,0,625.7956766964837,0.0,6.666666666666667,67.44444444444444,5,5,5.0,,South Fork High (Miranda)
050345,BISHOP UNION HIGH SCHOOL,Bishop,Inyo,14766871431600,1476687,Bishop Unified,0,316.6535145025999,1.0,9.346153846153847,140.08333333333334,5,5,5.0,,Bishop Union High (Bishop)
050160,ARVIN HIGH SCHOOL,Arvin,Kern,15635291530252,1563529,Kern High,0,185.61746786078055,0.0,18.82608695652174,551.4782608695652,5,5,5.0,,Arvin High (Arvin)
050205,BAKERSFIELD HIGH SCHOOL,Bakersfield,Kern,15635291530708,1563529,Kern High,0,200.0952479488529,0.0,25.03125,618.90625,5,5,5.0,,Bakersfield High (Bakersfield)
052152,BLUE RIDGE ACADEMY,Maricopa,Kern,15636280134312,1563628,Maricopa Unified,0,194.9831980857856,,10.6,210.8,5,5,5.0,,Blue Ridge Academy (Maricopa)
054348,CALIFORNIA CITY HIGH SCHOOL,California City,Kern,15636770114512,1563677,Mojave Unified,0,161.67231237186675,0.0,7.5,137.25,5,5,5.0,,California City High (California City)
050209,CENTENNIAL HIGH SCHOOL,Bakersfield,Kern,15635291530369,1563529,Kern High,0,204.1312828912891,2.0,22.733333333333334,492.6333333333333,5,5,5.0,,Centennial High (Bakersfield)
050841,CESAR E CHAVEZ HIGH SCHOOL,Delano,Kern,15634120100529,1563412,Delano Joint Union High,0,229.5823428450259,1.0,18.45,341.75,5,5,5.0,,Cesar E Chavez High (Delano)
055052,DEL ORO HIGH SCHOOL,Bakersfield,Kern,15635290141101,1563529,Kern High,0,194.68311396231164,,11.0,376.0,5,5,5.0,,Del Oro High (Bakersfield)
050735,DELANO HIGH SCHOOL,Delano,Kern,15634121531672,1563412,Delano Joint Union High,0,230.50649199023258,1.0,13.566666666666666,415.7,5,5,5.0,,Delano High (Delano)
050800,DESERT HIGH SCHOOL,Edwards,Kern,15636851531987,1563685,Muroc Joint Unified,0,146.97208581070225,1.0,8.666666666666666,77.75,5,5,5.0,,Desert High (Edwards)
050210,EAST BAKERSFIELD HIGH SCHOOL,Bakersfield,Kern,15635291532290,1563529,Kern High,0,199.09224881225038,0.0,16.11111111111111,506.14814814814815,5,5,5.0,,East Bakersfield High (Bakersfield)
050213,FOOTHILL HIGH SCHOOL,Bakersfield,Kern,15635291532605,1563529,Kern High,0,196.89296854733746,0.0,14.555555555555555,488.18518518518516,5,5,5.0,,Foothill High (Bakersfield)
051416,FRAZIER MOUNTAIN HIGH SCHOOL,Lebec,Kern,15751681530401,1575168,El Tejon Unified,0,163.398967331332,,7.0,64.0,5,5,5.0,,Frazier Mountain High (Lebec)
054058,FRONTIER HIGH SCHOOL,Bakersfield,Kern,15635290110999,1563529,Kern High,0,206.6180125574889,1.0,24.647058823529413,546.1176470588235,5,5,5.0,,Frontier High (Bakersfield)
050259,GOLDEN VALLEY HIGH SCHOOL,Bakersfield,Kern,15635290100198,1563529,Kern High,0,194.5517103066151,0.0,22.55,608.5,5,5,5.0,,Golden Valley High (Bakersfield)
051873,HEARTLAND CHARTER SCHOOL,Maricopa,Kern,15636280138131,1563628,Maricopa Unified,0,194.9909397365531,,6.0,132.0,5,5,5.0,,Heartland Charter School (Maricopa)
050218,HIGHLAND HIGH SCHOOL,Bakersfield,Kern,15635291533330,1563529,Kern High,0,199.27441478636857,1.0,20.096774193548388,461.4193548387097,5,5,5.0,,Highland High (Bakersfield)
054242,INDEPENDENCE HIGH SCHOOL,Bakersfield,Kern,15635290116392,1563529,Kern High,0,197.78781936642886,1.0,22.866666666666667,495.6,5,5,5.0,,Independence High (Bakersfield)
051342,KERN VALLEY HIGH SCHOOL,Lake Isabella,Kern,15635291533538,1563529,Kern High,0,201.31117834633986,0.0,5.25,109.75,5,5,5.0,,Kern Valley High (Lake Isabella)
050196,LIBERTY HIGH SCHOOL,Bakersfield,Kern,15635291530476,1563529,Kern High,0,202.89674774241087,2.0,37.666666666666664,530.8333333333334,5,5,5.0,,Liberty High (Bakersfield)
051945,MCFARLAND HIGH SCHOOL,Mcfarland,Kern,15739081534155,1573908,McFarland Unified,0,224.13122907956927,0.0,12.590909090909092,186.04545454545453,5,5,5.0,,Mcfarland High (Mcfarland)
054317,MIRA MONTE HIGH SCHOOL,Bakersfield,Kern,15635290116400,1563529,Kern High,0,195.68140409770677,0.0,24.714285714285715,548.1428571428571,5,5,5.0,,Mira Monte High (Bakersfield)
052005,MOJAVE HIGH SCHOOL,Mojave,Kern,15636770136259,1563677,Mojave Unified,0,159.2743926352456,,7.4,,5,5,5.0,,Mojave High (Mojave)
050220,NORTH HIGH SCHOOL,Bakersfield,Kern,15635291534775,1563529,Kern High,0,203.6902753835903,0.0,12.791666666666666,442.75,5,5,5.0,,North High (Bakersfield)
050202,RIDGEVIEW HIGH SCHOOL,Bakersfield,Kern,15635291530385,1563529,Kern High,0,195.74374879914308,1.0,26.08,590.12,5,5,5.0,,Ridgeview High (Bakersfield)
054280,ROBERT F KENNEDY HIGH SCHOOL,Delano,Kern,15634120116384,1563412,Delano Joint Union High,0,231.11115786862635,1.0,14.6,276.06666666666666,5,5,5.0,,Robert F Kennedy High (Delano)
052684,ROSAMOND HIGH SCHOOL,Rosamond,Kern,15637761534957,1563776,Southern Kern Unified,0,147.52077264906686,0.0,6.333333333333333,176.55555555555554,5,5,5.0,,Rosamond High (Rosamond)
053360,SHAFTER HIGH SCHOOL,Shafter,Kern,15635291535087,1563529,Kern High,0,215.59295576103023,0.0,10.944444444444445,335.8888888888889,5,5,5.0,,Shafter High (Shafter)
050550,SHERMAN E BURROUGHS HS,Ridgecrest,Kern,15737421531367,1573742,Sierra Sands Unified,0,191.9145045351997,2.0,14.78125,338.84375,5,5,5.0,,Sherman E Burroughs Hs (Ridgecrest)
050223,SOUTH HIGH SCHOOL,Bakersfield,Kern,15635291535392,1563529,Kern High,0,197.24968051002168,0.0,20.615384615384617,482.65384615384613,5,5,5.0,,South High (Bakersfield)
050217,STOCKDALE HIGH SCHOOL,Bakersfield,Kern,15635291530344,1563529,Kern High,0,200.91837062364414,2.0,71.53125,525.1875,5,5,5.0,,Stockdale High (Bakersfield)
053485,TAFT UNION HIGH SCHOOL,Taft,Kern,15638181535905,1563818,Taft Union High,0,201.92596545048016,0.0,6.222222222222222,210.33333333333334,5,5,5.0,,Taft Union High (Taft)
053490,TEHACHAPI HIGH SCHOOL,Tehachapi,Kern,15638261536135,1563826,Tehachapi Unified,0,169.6259640536832,1.0,10.59375,282.84375,5,5,5.0,,Tehachapi High (Tehachapi)
053685,WASCO UNION HIGH SCHOOL,Wasco,Kern,15638591536440,1563859,Wasco Union High,0,223.00689283796657,1.0,10.541666666666666,344.6666666666667,5,5,5.0,,Wasco Union High (Wasco)
050224,WEST HIGH SCHOOL,Bakersfield,Kern,15635291536606,1563529,Kern High,0,199.76932871250926,0.0,12.3,464.0,5,5,5.0,,West High (Bakersfield)
054539,WONDERFUL COLLEGE PREP ACAD DELANO,Delano,Kern,15101570119669,1510157,Kern County Office of Education,0,230.24025888990533,2.0,15.909090909090908,114.0,5,5,5.0,,Wonderful College Prep Acad Delano (Delano)
050185,AVENAL HIGH SCHOOL,Avenal,Kings,16739321630953,1673932,Reef-Sunset Unified,0,271.91850264353195,0.0,9.166666666666666,133.25,5,5,5.0,,Avenal High (Avenal)
050665,CORCORAN HIGH SCHOOL,Corcoran,Kings,16638911632207,1663891,Corcoran Joint Unified,0,258.9875204081781,0.0,8.956521739130435,178.2608695652174,5,5,5.0,,Corcoran High (Corcoran)
051130,HANFORD HIGH SCHOOL,Hanford,Kings,16639251634401,1663925,Hanford Joint Union High,0,275.69981831222805,1.0,12.1,420.8,5,5,5.0,,Hanford High (Hanford)
051131,HANFORD JOINT UNION HS WEST,Hanford,Kings,16639251630169,1663925,Hanford Joint Union High,0,275.31162344481004,,7.5,0.0,5,5,5.0,,Hanford Joint Union Hs West (Hanford)
051128,HANFORD WEST HIGH SCHOOL,Hanford,Kings,16639251630169,1663925,Hanford Joint Union High,0,275.31162344481004,0.0,10.8,329.65,5,5,5.0,,Hanford West High (Hanford)
051536,LEMOORE MIDDLE COLLEGE HIGH SC,Lemoore,Kings,16639820110205,1663982,Lemoore Union High,0,277.9225048690322,2.0,8.090909090909092,54.36363636363637,5,5,5.0,,Lemoore Middle College High Sc (Lemoore)
051400,LEMOORE UNION HIGH SCHOOL,Lemoore,Kings,16639821635606,1663982,Lemoore Union High,0,276.9962691934894,0.0,13.655172413793103,416.3103448275862,5,5,5.0,,Lemoore Union High (Lemoore)
054422,SIERRA PACIFIC HIGH SCHOOL,Hanford,Kings,16639250118919,1663925,Hanford Joint Union High,0,276.67220977413507,1.0,12.692307692307692,203.76923076923077,5,5,5.0,,Sierra Pacific High (Hanford)
051345,CLEAR LAKE HIGH SCHOOL,Lakeport,Lake,17640301732304,1764030,Lakeport Unified,0,531.9035962108835,1.0,5.928571428571429,92.21428571428571,5,5,5.0,,Clear Lake High (Lakeport)
051290,KELSEYVILLE HIGH SCHOOL,Kelseyville,Lake,17640141734359,1764014,Kelseyville Unified,0,524.3750370541635,0.0,7.0,128.71428571428572,5,5,5.0,,Kelseyville High (Kelseyville)
051870,LOWER LAKE HIGH SCHOOL,Lower Lake,Lake,17640221735000,1764022,Konocti Unified,0,513.8905137641752,0.0,6.625,151.625,5,5,5.0,,Lower Lake High (Lower Lake)
051970,MIDDLETOWN HIGH SCHOOL,Middletown,Lake,17640551736008,1764055,Middletown Unified,0,505.85023690122205,1.0,5.875,116.625,5,5,5.0,,Middletown High (Middletown)
053590,UPPER LAKE HIGH SCHOOL,Upper Lake,Lake,17769761737006,1776976,Upper Lake Unified,0,537.2438737389344,0.0,6.8,67.2,5,5,5.0,,Upper Lake High (Upper Lake)
053470,LASSEN HIGH SCHOOL,Susanville,Lassen,18641391833805,1864139,Lassen Union High,0,554.1335242449179,,6.8,227.0,5,5,5.0,,Lassen High (Susanville)
051520,ABRAHAM LINCOLN HIGH SCHOOL,Los Angeles,Los Angeles,19647331935121,1964733,Los Angeles Unified,0,99.63588051337616,1.0,39.09375,355.34375,5,4,4.0,,Abraham Lincoln High (Los Angeles)
054247,ACADEMIA AVANCE CHARTER SCHOOL,Los Angeles,Los Angeles,19769680109926,1976968,SBE - Academia Avance Charter,0,101.37757346934568,0.0,9.916666666666666,56.8,5,4,5.0,,Academia Avance Charter School (Los Angeles)
054254,ACADEMIC LEADERSHIP COMMUNITY,Los Angeles,Los Angeles,19647330117721,1964733,Los Angeles Unified,0,100.6611285113973,0.0,11.071428571428571,84.57142857142857,5,4,5.0,,Academic Leadership Community (Los Angeles)
054617,ACADEMIES EDUCATION/EMPOWERMNT,Carson,Los Angeles,19647330126615,1964733,Los Angeles Unified,0,88.70223182697474,1.0,18.692307692307693,129.3846153846154,5,4,4.0,,Academies Education/Empowermnt (Carson)
054659,ACADEMIES OF ANTELOPE VALLEY,Lancaster,Los Angeles,19642460126003,1964246,Antelope Valley Union High,0,135.9097847975784,,6.0,31.0,5,4,5.0,,Academies Of Antelope Valley (Lancaster)
054434,ACADEMY MED HEALTH SCI AT RHS,Los Angeles,Los Angeles,19647330122325,1964733,Los Angeles Unified,0,,,11.0,93.0,5,4,,,Academy Med Health Sci At Rhs (Los Angeles)
054618,ACADEMY OF MEDICAL ARTS AT CARSON,Carson,Los Angeles,19647330126623,1964733,Los Angeles Unified,0,88.70223182697474,2.0,24.46153846153846,116.0,5,4,4.0,,Academy Of Medical Arts At Carson (Carson)
053262,ACADEMY OF THE CANYONS,Santa Clarita,Los Angeles,19651361996321,1965136,William S. Hart Union High,0,130.44648781995505,2.0,31.85,100.9,5,4,5.0,,Academy Of The Canyons (Santa Clarita)
054626,ACADEMY SCIENCE & ENGINEERING,Los Angeles,Los Angeles,19647330126185,1964733,Los Angeles Unified,0,102.59983863870185,0.0,11.0,61.0,5,4,5.0,,Academy Science & Engineering (Los Angeles)
050003,AGOURA HIGH SCHOOL,Agoura Hills,Los Angeles,19646831930080,1964683,Las Virgenes Unified,0,123.82243651386108,2.0,95.09375,486.0625,5,4,5.0,,Agoura High (Agoura Hills)
054367,ALAIN LEROY LOCKE COLLEGE PREP,Los Angeles,Los Angeles,19647330118588,1964733,Los Angeles Unified,0,94.20310519853268,0.0,22.071428571428573,380.7142857142857,5,4,4.0,,Alain Leroy Locke College Prep (Los Angeles)
054493,ALBERT EINSTEIN LETTER ART SCI,Agua Dulce,Los Angeles,19651360121731,1965136,William S. Hart Union High,0,132.85940215714876,2.0,12.0,60.5,5,4,5.0,,Albert Einstein Letter Art Sci (Agua Dulce)
051525,ALEXANDER HAMILTON HIGH SCHOOL,Los Angeles,Los Angeles,19647331933852,1964733,Los Angeles Unified,0,103.86724776681959,1.0,79.8125,590.5,5,4,5.0,,Alexander Hamilton High (Los Angeles)
050050,ALHAMBRA HIGH SCHOOL,Alhambra,Los Angeles,19757131930163,1975713,Alhambra Unified,0,98.55534735450179,2.0,129.25,682.5714285714286,5,4,4.0,,Alhambra High (Alhambra)
054771,ALLIANCE ALICE M BAXTER CRHS,San Pedro,Los Angeles,19647330127217,1964733,Los Angeles Unified,0,84.81508680523797,1.0,11.0,56.75,5,4,4.0,,Alliance Alice M Baxter Crhs (San Pedro)
051804,ALLIANCE CINDY/BILL SIMON TECH,Los Angeles,Los Angeles,19647330121285,1964733,Los Angeles Unified,0,93.30469108812622,0.0,17.916666666666668,114.75,5,4,4.0,,Alliance Cindy/Bill Simon Tech (Los Angeles)
754196,ALLIANCE COLLEGE-READY ACD #7,Los Angeles,Los Angeles,19647330114942,1964733,Los Angeles Unified,0,,,8.5,83.0,5,4,,,Alliance College-Ready Acd #7 (Los Angeles)
054118,ALLIANCE COLLINS COLLEGE READY HS,Huntington Park,Los Angeles,19647330108936,1964733,Los Angeles Unified,0,95.23097097285128,1.0,25.470588235294116,136.88235294117646,5,4,4.0,,Alliance Collins College Ready Hs (Huntington Park)
051779,ALLIANCE DR OLGA MOHAN HIGH SC,Los Angeles,Los Angeles,19647330111500,1964733,Los Angeles Unified,0,99.7987387603106,2.0,14.5625,107.75,5,4,4.0,,Alliance Dr Olga Mohan High Sc (Los Angeles)
053983,ALLIANCE GERTZ-RESSLER HIGH SC,Los Angeles,Los Angeles,19647330106864,1964733,Los Angeles Unified,0,100.17529327902851,2.0,17.0625,122.5,5,4,5.0,,Alliance Gertz-Ressler High Sc (Los Angeles)
054088,ALLIANCE JUDY BURTON TECH ACAD,Los Angeles,Los Angeles,19647330108894,1964733,Los Angeles Unified,0,95.0491266884843,1.0,13.533333333333333,139.0,5,4,4.0,,Alliance Judy Burton Tech Acad (Los Angeles)
054360,ALLIANCE LEICHTMAN-LEVINE ESHS,Los Angeles,Los Angeles,19647330117606,1964733,Los Angeles Unified,0,103.30768133856222,1.0,14.076923076923077,113.3076923076923,5,4,5.0,,Alliance Leichtman-Levine Eshs (Los Angeles)
054163,ALLIANCE M&E STERN MATH SCI SCH,Los Angeles,Los Angeles,19647330111658,1964733,Los Angeles Unified,0,97.98959092468392,2.0,21.375,136.5,5,4,4.0,,Alliance M&E Stern Math Sci Sch (Los Angeles)
054772,ALLIANCE MARGARET M BLOOMFIELD,Huntington Park,Los Angeles,19647330124941,1964733,Los Angeles Unified,0,94.57317230140902,2.0,24.5,121.125,5,4,4.0,,Alliance Margaret M Bloomfield (Huntington Park)
050301,ALLIANCE MIT 6-12 COMPLEX,Sun Valley,Los Angeles,19647330132084,1964733,Los Angeles Unified,0,115.09946741530592,,17.166666666666668,84.66666666666667,5,4,5.0,,Alliance Mit 6-12 Complex (Sun Valley)
054346,ALLIANCE MORGAN MCKINZIE HS,Los Angeles,Los Angeles,19647330116509,1964733,Los Angeles Unified,0,96.93851922926699,1.0,13.615384615384615,87.46153846153847,5,4,4.0,,Alliance Morgan Mckinzie Hs (Los Angeles)
054218,ALLIANCE NEUWIRTH LEADERSHIP ACADMY,Los Angeles,Los Angeles,19647330111492,1964733,Los Angeles Unified,0,97.97050543017717,1.0,22.933333333333334,138.33333333333334,5,4,4.0,,Alliance Neuwirth Leadership Acadmy (Los Angeles)
1251598,ALLIANCE OUCHI-O'DONOVAN 6-12,Los Angeles,Los Angeles,19647330111641,1964733,Los Angeles Unified,0,99.27888855495972,1.0,19.4375,125.0,5,4,4.0,,Alliance Ouchi-O'Donovan 6-12 (Los Angeles)
054361,ALLIANCE PIERA BARBAGLIA SHAHEEN HS,Los Angeles,Los Angeles,19647330117598,1964733,Los Angeles Unified,0,96.50219008202531,0.0,14.75,105.58333333333333,5,4,4.0,,Alliance Piera Barbaglia Shaheen Hs (Los Angeles)
051663,ALLIANCE RENEE & MEYER LUSKIN,Los Angeles,Los Angeles,19647330124891,1964733,Los Angeles Unified,0,98.52891325342574,0.0,13.5,114.25,5,4,4.0,,Alliance Renee & Meyer Luskin (Los Angeles)
054636,ALLIANCE SMIDT TECHNOLOGY HIGH,Los Angeles,Los Angeles,19647330123133,1964733,Los Angeles Unified,0,100.08276201869262,1.0,15.9,113.2,5,4,5.0,,Alliance Smidt Technology High (Los Angeles)
054513,ALLIANCE TED K TAJIMA HIGH SCH,Los Angeles,Los Angeles,19647330123141,1964733,Los Angeles Unified,0,100.95731768919015,1.0,22.666666666666668,96.66666666666667,5,4,5.0,,Alliance Ted K Tajima High Sch (Los Angeles)
054527,ALLIANCE TENNENBAUM FAMILY TECH HS,Los Angeles,Los Angeles,19647330121293,1964733,Los Angeles Unified,0,102.33950301804731,1.0,12.909090909090908,80.54545454545455,5,4,5.0,,Alliance Tennenbaum Family Tech Hs (Los Angeles)
051776,AMBASSADOR SCHL GLOBAL LDRSHP,Los Angeles,Los Angeles,19647330121095,1964733,Los Angeles Unified,0,101.90823484129827,0.0,11.071428571428571,68.57142857142857,5,4,5.0,,Ambassador Schl Global Ldrshp (Los Angeles)
054332,ANAHUACALMECAC INTRL UNIV PREP,Los Angeles,Los Angeles,19647330132928,1964733,Los Angeles Unified,0,99.56484943426312,,5.333333333333333,21.0,5,4,4.0,,Anahuacalmecac Intrl Univ Prep (Los Angeles)
054569,ANIMO COLLEGE PREP ACADEMY,Los Angeles,Los Angeles,19647330124883,1964733,Los Angeles Unified,0,93.3586224855036,0.0,9.75,107.75,5,4,4.0,,Animo College Prep Academy (Los Angeles)
055022,ANIMO COMPTON CHARTER SCHOOL,Los Angeles,Los Angeles,19734370137984,1973437,Compton Unified,0,92.99238116208272,,6.0,54.0,5,4,4.0,,Animo Compton Charter School (Los Angeles)
050396,ANIMO CTY CHAMPIONS CHARTER HS,Inglewood,Los Angeles,19101990136119,1910199,Los Angeles County Office of Education,0,97.15996211915443,,11.4,75.2,5,4,4.0,,Animo Cty Champions Charter Hs (Inglewood)
051255,ANIMO INGLEWOOD CHARTER HS,Inglewood,Los Angeles,19646341996586,1964634,Inglewood Unified,0,97.83875912477463,2.0,20.105263157894736,143.93333333333334,5,4,4.0,,Animo Inglewood Charter Hs (Inglewood)
054199,ANIMO JACKIE ROBINSON CHRT SCH,Los Angeles,Los Angeles,19647330111583,1964733,Los Angeles Unified,0,98.95091234256216,1.0,22.875,141.8125,5,4,4.0,,Animo Jackie Robinson Chrt Sch (Los Angeles)
051257,ANIMO LEADERSHIP CHARTER HS,Inglewood,Los Angeles,19647091996313,1964709,Lennox,0,97.14022090593294,1.0,24.40909090909091,135.63636363636363,5,4,4.0,,Animo Leadership Charter Hs (Inglewood)
051656,ANIMO LEROY LOCKE 3 COLG PREP,Los Angeles,Los Angeles,19647330118588,1964733,Los Angeles Unified,0,94.20310519853268,,6.0,266.0,5,4,4.0,,Animo Leroy Locke 3 Colg Prep (Los Angeles)
054369,ANIMO LOCKE II CHARTER HS,Los Angeles,Los Angeles,19647330118596,1964733,Los Angeles Unified,0,,,12.5,187.5,5,4,,,Animo Locke Ii Charter Hs (Los Angeles)
054235,ANIMO LOCKE TECH CHARTER HS,Los Angeles,Los Angeles,19647330111617,1964733,Los Angeles Unified,0,,,8.0,114.5,5,4,,,Animo Locke Tech Charter Hs (Los Angeles)
054238,ANIMO PAT BROWN CHARTER HS,Los Angeles,Los Angeles,19647330106849,1964733,Los Angeles Unified,0,94.82009104876272,1.0,26.866666666666667,136.93333333333334,5,4,4.0,,Animo Pat Brown Charter Hs (Los Angeles)
054259,ANIMO RALPH BUNCHE CHARTER HS,Los Angeles,Los Angeles,19647330111575,1964733,Los Angeles Unified,0,97.5411567077197,1.0,12.928571428571429,151.14285714285714,5,4,4.0,,Animo Ralph Bunche Charter Hs (Los Angeles)
053975,ANIMO S LOS ANGELES CHARTER HS,Los Angeles,Los Angeles,19647330102434,1964733,Los Angeles Unified,0,95.56021191526231,0.0,20.0,131.72222222222223,5,4,4.0,,Animo S Los Angeles Charter Hs (Los Angeles)
054069,ANIMO VENICE CHARTER HS,Venice,Los Angeles,19647330106831,1964733,Los Angeles Unified,0,104.79387961984156,1.0,15.222222222222221,118.83333333333333,5,4,5.0,,Animo Venice Charter Hs (Venice)
054283,ANIMO WATTS COLLGE PREP ACDMY,Los Angeles,Los Angeles,19647330111625,1964733,Los Angeles Unified,0,93.16934210194778,0.0,12.533333333333333,123.4,5,4,4.0,,Animo Watts Collge Prep Acdmy (Los Angeles)
051355,ANTELOPE VALLEY HIGH SCHOOL,Lancaster,Los Angeles,19642461930213,1964246,Antelope Valley Union High,0,135.8118713401814,0.0,13.10344827586207,414.41379310344826,5,4,5.0,,Antelope Valley High (Lancaster)
054291,APEX ACADEMY HIGH SCHOOL,Los Angeles,Los Angeles,19647330117077,1964733,Los Angeles Unified,0,99.72729088740053,0.0,8.0,78.4,5,4,4.0,,Apex Academy High (Los Angeles)
054607,APPLIED TECHNOLOGY CENTER,Montebello,Los Angeles,19648080124552,1964808,Montebello Unified,0,92.84986921206465,0.0,13.0,117.2,5,4,4.0,,Applied Technology Center (Montebello)
050130,ARCADIA HIGH SCHOOL,Arcadia,Los Angeles,19642611930288,1964261,Arcadia Unified,0,98.05455793783229,2.0,353.03125,848.5,5,4,4.0,,Arcadia High (Arcadia)
050068,ARLETA HIGH SCHOOL,Arleta,Los Angeles,19647330112045,1964733,Los Angeles Unified,0,117.5319411251076,1.0,23.5,309.125,5,4,5.0,,Arleta High (Arleta)
050830,ARROYO HIGH SCHOOL,El Monte,Los Angeles,19645191930320,1964519,El Monte Union High,0,95.31746799610477,1.0,50.9375,476.875,5,4,4.0,,Arroyo High (El Monte)
050155,ARTESIA HIGH SCHOOL,Lakewood,Los Angeles,19642121930361,1964212,ABC Unified,0,82.4951648197522,1.0,20.90625,343.28125,5,4,4.0,,Artesia High (Lakewood)
054735,ASPIRE OLLIN UNIV PREP ACDMY,Huntington Park,Los Angeles,19101990112128,1910199,Los Angeles County Office of Education,0,95.6946507341073,1.0,12.88888888888889,98.44444444444444,5,4,4.0,,Aspire Ollin Univ Prep Acdmy (Huntington Park)
051214,ASPIRE PACIFIC ACADEMY,Huntington Park,Los Angeles,19647330122721,1964733,Los Angeles Unified,0,95.67562267159977,1.0,11.8,96.5,5,4,4.0,,Aspire Pacific Academy (Huntington Park)
054765,ASSURANCE LEARNING ACADEMY,Lancaster,Los Angeles,19753090127100,1975309,Acton-Agua Dulce Unified,0,133.76677770299193,,7.0,299.3333333333333,5,4,5.0,,Assurance Learning Academy (Lancaster)
054633,AUGUSTUS HAWKINS COMM HEALTH ADVCTE,Los Angeles,Los Angeles,19647330126490,1964733,Los Angeles Unified,0,97.60691486847287,0.0,8.0,92.83333333333333,5,4,4.0,,Augustus Hawkins Comm Health Advcte (Los Angeles)
054634,AUGUSTUS HAWKINS HIGH SCHOOL RISE,Los Angeles,Los Angeles,19647330126508,1964733,Los Angeles Unified,0,97.60691486847287,0.0,7.5,83.33333333333333,5,4,4.0,,Augustus Hawkins High Rise (Los Angeles)
050180,AVALON HIGH SCHOOL,Avalon,Los Angeles,19647331931930,1964733,Los Angeles Unified,0,86.6023576284305,,5.6,15.0,5,4,4.0,,Avalon High (Avalon)
050162,AVESON GLOBAL LEADERSHIP ACADEMY,Altadena,Los Angeles,19648810113464,1964881,Pasadena Unified,0,99.85790066295161,0.0,6.333333333333333,42.0,5,4,4.0,,Aveson Global Leadership Academy (Altadena)
050188,AZUSA HIGH SCHOOL,Azusa,Los Angeles,19642791930528,1964279,Azusa Unified,0,94.19478123551545,1.0,19.681818181818183,297.40909090909093,5,4,4.0,,Azusa High (Azusa)
050225,BALDWIN PARK HIGH SCHOOL,Baldwin Park,Los Angeles,19642871930601,1964287,Baldwin Park Unified,0,92.80925886045529,1.0,24.8125,425.75,5,4,4.0,,Baldwin Park High (Baldwin Park)
054899,BANNING ACADEMIES CREATE/INNO,Wilmington,Los Angeles,19647330129775,1964733,Los Angeles Unified,0,86.62319555565436,1.0,8.0,149.0,5,4,4.0,,Banning Academies Create/Inno (Wilmington)
050238,BASSETT HIGH SCHOOL,La Puente,Los Angeles,19642951930700,1964295,Bassett Unified,0,91.55106314975191,1.0,18.366666666666667,275.3333333333333,5,4,4.0,,Bassett High (La Puente)
050265,BELL GARDENS HIGH SCHOOL,Bell Gardens,Los Angeles,19648081930825,1964808,Montebello Unified,0,92.4433597655211,0.0,33.25806451612903,644.9677419354839,5,4,4.0,,Bell Gardens High (Bell Gardens)
050245,BELL HIGH SCHOOL,Bell,Los Angeles,19647331930866,1964733,Los Angeles Unified,0,93.59663288757342,0.0,41.03125,646.40625,5,4,4.0,,Bell High (Bell)
050255,BELLFLOWER HIGH SCHOOL,Bellflower,Los Angeles,19643031930775,1964303,Bellflower Unified,0,86.50729086820536,1.0,18.6875,370.125,5,4,4.0,,Bellflower High (Bellflower)
051540,BELMONT HIGH SCHOOL,Los Angeles,Los Angeles,19647331930924,1964733,Los Angeles Unified,0,100.88147160406994,0.0,18.15625,422.8125,5,4,5.0,,Belmont High (Los Angeles)
051550,BENJAMIN FRANKLIN HIGH SCHOOL,Los Angeles,Los Angeles,19647331933043,1964733,Los Angeles Unified,0,101.8665512254069,1.0,32.65625,388.3125,5,4,5.0,,Benjamin Franklin High (Los Angeles)
050293,BERT CORONA CHARTER HIGH SCHL,Pacoima,Los Angeles,19647330132126,1964733,Los Angeles Unified,0,117.38442911882899,,8.25,52.75,5,4,5.0,,Bert Corona Charter High Schl (Pacoima)
050320,BEVERLY HILLS HIGH SCHOOL,Beverly Hills,Los Angeles,19643111930981,1964311,Beverly Hills Unified,0,106.14968331510848,2.0,129.90625,451.5,5,4,5.0,,Beverly Hills High (Beverly Hills)
053615,BIRMINGHAM COMMUNITY CHARTER HS,Lake Balboa,Los Angeles,19647331931047,1964733,Los Angeles Unified,0,116.34120826794997,1.0,62.09375,614.84375,5,4,5.0,,Birmingham Community Charter Hs (Lake Balboa)
052373,BLAIR HIGH SCHOOL,Pasadena,Los Angeles,19648811931062,1964881,Pasadena Unified,0,100.81914539006797,1.0,13.4375,181.90625,5,4,5.0,,Blair High (Pasadena)
051370,BONITA HIGH SCHOOL,La Verne,Los Angeles,19643291931088,1964329,Bonita Unified,0,90.22053072518455,2.0,50.5625,422.53125,5,4,4.0,,Bonita High (La Verne)
054780,BOYLE HEIGHTS STEM MAGNET HIGH SCH,Los Angeles,Los Angeles,19647330129536,1964733,Los Angeles Unified,0,96.59822363372244,,6.0,65.0,5,4,4.0,,Boyle Heights Stem Magnet High Sch (Los Angeles)
051668,BRIO COLLEGE PREP,Los Angeles,Los Angeles,19647330135723,1964733,Los Angeles Unified,0,101.25504768508661,,19.0,109.6,5,4,5.0,,Brio College Prep (Los Angeles)
050385,BURBANK HIGH SCHOOL,Burbank,Los Angeles,19643371931187,1964337,Burbank Unified,0,109.78210577103691,2.0,80.65625,570.4375,5,4,5.0,,Burbank High (Burbank)
050057,BURBANK INDEPENDENT LEARNING ACAD,Burbank,Los Angeles,19643370131573,1964337,Burbank Unified,0,110.24865257528893,,6.0,65.0,5,4,5.0,,Burbank Independent Learning Acad (Burbank)
052210,CA SCH ARTS SAN GABRIEL VALLEY,Duarte,Los Angeles,19644690134858,1964469,Duarte Unified,0,96.60856510979313,2.0,52.285714285714285,201.28571428571428,5,4,4.0,,Ca Sch Arts San Gabriel Valley (Duarte)
050421,CALABASAS HIGH SCHOOL,Calabasas,Los Angeles,19646831931781,1964683,Las Virgenes Unified,0,118.16304360048764,2.0,120.34375,430.5625,5,4,5.0,,Calabasas High (Calabasas)
050491,CALIFORNIA ACAD MATH & SCIENCE,Carson,Los Angeles,19647251995539,1964725,Long Beach Unified,0,90.25651972867773,2.0,86.46875,145.375,5,4,4.0,,California Acad Math & Science (Carson)
053755,CALIFORNIA HIGH SCHOOL,Whittier,Los Angeles,19651281931302,1965128,Whittier Union High,0,86.48158809490332,1.0,40.61290322580645,557.483870967742,5,4,4.0,,California High (Whittier)
053991,CAMINO NUEVO HIGH SCHOOL,Los Angeles,Los Angeles,19647330106435,1964733,Los Angeles Unified,0,100.52897094804817,0.0,10.5,87.91666666666667,5,4,5.0,,Camino Nuevo High (Los Angeles)
054693,CAMINO NUEVO HIGH SCH DALZELL LANCE,Los Angeles,Los Angeles,19647330106435,1964733,Los Angeles Unified,0,100.52897094804817,0.0,14.1,59.5,5,4,5.0,,Camino Nuevo High Sch Dalzell Lance (Los Angeles)
050465,CANOGA PARK HIGH SCHOOL,Canoga Park,Los Angeles,19647331931476,1964733,Los Angeles Unified,0,120.42427321272628,0.0,14.9375,279.21875,5,4,5.0,,Canoga Park High (Canoga Park)
053341,CANYON HIGH SCHOOL,Canyon Country,Los Angeles,19651361931492,1965136,William S. Hart Union High,0,128.59290087572114,2.0,38.6875,528.5625,5,4,5.0,,Canyon High (Canyon Country)
053515,CARSON HIGH SCHOOL,Carson,Los Angeles,19647331931526,1964733,Los Angeles Unified,0,88.69124123374067,0.0,35.84375,466.6875,5,4,4.0,,Carson High (Carson)
054310,CASTAIC HIGH SCHOOL,Castaic,Los Angeles,19651360138727,1965136,William S. Hart Union High,0,138.46268437506905,,32.0,316.6666666666667,5,4,5.0,,Castaic High (Castaic)
053910,CATCH PREP CHARTER HIGH,Los Angeles,Los Angeles,19647330101659,1964733,Los Angeles Unified,0,100.39339284427729,0.0,9.909090909090908,48.36363636363637,5,4,5.0,,Catch Prep Charter High (Los Angeles)
050650,CENTENNIAL HIGH SCHOOL,Compton,Los Angeles,19734371931567,1973437,Compton Unified,0,92.6324905322424,0.0,12.15,230.75,5,4,4.0,,Centennial High (Compton)
051764,CENTRAL CITY VALUE HIGH SCHOOL,Los Angeles,Los Angeles,19647330100800,1964733,Los Angeles Unified,0,102.4816502671478,1.0,13.428571428571429,102.14285714285714,5,4,5.0,,Central City Value High (Los Angeles)
050527,CERRITOS HIGH SCHOOL,Cerritos,Los Angeles,19642121930056,1964212,ABC Unified,0,83.26522213783927,2.0,174.5625,530.03125,5,4,4.0,,Cerritos High (Cerritos)
054046,CHARTER HS ARTS MEDIA PERFORM,Van Nuys,Los Angeles,19647330108878,1964733,Los Angeles Unified,0,114.62780379544013,1.0,14.588235294117647,161.1764705882353,5,4,5.0,,Charter Hs Arts Media Perform (Van Nuys)
050693,CHARTER OAK HIGH SCHOOL,Covina,Los Angeles,19643781931666,1964378,Charter Oak Unified,0,91.67280419536603,1.0,30.96875,396.09375,5,4,4.0,,Charter Oak High (Covina)
050528,CHATSWORTH CHARTER HIGH SCHOOL,Chatsworth,Los Angeles,19647331931708,1964733,Los Angeles Unified,0,122.60381033094765,0.0,61.21875,561.71875,5,4,5.0,,Chatsworth Charter High (Chatsworth)
054563,CHAVEZ LA ACADEMY OF SCIENCE,San Fernando,Los Angeles,19647330124396,1964733,Los Angeles Unified,0,118.88898661784086,0.0,11.0,105.81818181818181,5,4,5.0,,Chavez La Academy Of Science (San Fernando)
054555,CHAVEZ LA ARTES,San Fernando,Los Angeles,19647330124370,1964733,Los Angeles Unified,0,118.88898661784086,0.0,12.818181818181818,93.63636363636364,5,4,5.0,,Chavez La Artes (San Fernando)
054601,CHAVEZ LEARNING ACAD-TECH PREP ACAD,San Fernando,Los Angeles,19647330124404,1964733,Los Angeles Unified,0,118.88898661784086,0.0,8.5,87.9,5,4,5.0,,Chavez Learning Acad-Tech Prep Acad (San Fernando)
051261,CITY HONORS HIGH SCHOOL,Inglewood,Los Angeles,19646341996529,1964634,Inglewood Unified,0,98.95332934237899,0.0,16.75,87.0,5,4,4.0,,City Honors High (Inglewood)
052608,CITY OF ANGELS SCHOOL,Los Angeles,Los Angeles,19647331996115,1964733,Los Angeles Unified,0,96.77388921336767,0.0,9.333333333333334,456.44444444444446,5,4,4.0,,City Of Angels School (Los Angeles)
054295,CIVITAS SCHOOL OF LEADERSHIP,Los Angeles,Los Angeles,19647330117739,1964733,Los Angeles Unified,0,,,9.0,58.0,5,4,,,Civitas School Of Leadership (Los Angeles)
050590,CLAREMONT HIGH SCHOOL,Claremont,Los Angeles,19643941931823,1964394,Claremont Unified,0,89.67371399647129,2.0,101.5625,535.09375,5,4,4.0,,Claremont High (Claremont)
051301,CLARK MAGNET HIGH SCHOOL,La Crescenta,Los Angeles,19645681996131,1964568,Glendale Unified,0,110.59455343856153,2.0,59.16,246.4,5,4,5.0,,Clark Magnet High (La Crescenta)
052618,CLEVELAND HIGH SCHOOL,Reseda,Los Angeles,19647331931864,1964733,Los Angeles Unified,0,119.50687013643075,1.0,106.09375,597.9375,5,4,5.0,,Cleveland High (Reseda)
989915,CLEVELAND HUMANITIES MAGNET,Reseda,Los Angeles,19647331933191,1964733,Los Angeles Unified,0,,,17.666666666666668,,5,4,,,Cleveland Humanities Magnet (Reseda)
054799,COLLEGE BRIDGE ACADEMY,Los Angeles,Los Angeles,14101400128454,1410140,Inyo County Office of Education,0,85.22406434783049,0.0,5.333333333333333,102.0,5,4,4.0,,College Bridge Academy (Los Angeles)
054845,COLLEGIATE CHARTER HIGH SCHOOL LA,Los Angeles,Los Angeles,19647330131821,1964733,Los Angeles Unified,0,101.38832447146712,,8.5,40.0,5,4,5.0,,Collegiate Charter High La (Los Angeles)
054544,COMM&TECH SCHOOL RIVERA LRNG COMPLX,Los Angeles,Los Angeles,19647330124495,1964733,Los Angeles Unified,0,96.39544449565338,0.0,11.4,109.8,5,4,4.0,,Comm&Tech School Rivera Lrng Complx (Los Angeles)
054024,COMMUNITY CHARTER EARLY COLLEG,Van Nuys,Los Angeles,19647336116750,1964733,Los Angeles Unified,0,117.15919108073142,,8.0,0.0,5,4,5.0,,Community Charter Early Colleg (Van Nuys)
051572,COMMUNITY HARVEST CHARTER SCH,Sherman Oaks,Los Angeles,19647331996636,1964733,Los Angeles Unified,0,,,7.666666666666667,39.833333333333336,5,4,,,Community Harvest Charter Sch (Sherman Oaks)
054865,COMPTON EARLY COLLEGE HIGH SCH,Compton,Los Angeles,19734370132969,1973437,Compton Unified,0,89.56352865178026,2.0,30.428571428571427,100.0,5,4,4.0,,Compton Early College High Sch (Compton)
050651,COMPTON HIGH SCHOOL,Compton,Los Angeles,19734371931963,1973437,Compton Unified,0,90.34079512783305,0.0,16.653846153846153,373.61538461538464,5,4,4.0,,Compton High (Compton)
054376,CORTINES SCHOOL VPA,Los Angeles,Los Angeles,19647330119727,1964733,Los Angeles Unified,0,100.17799594988516,1.0,40.4,308.4,5,4,5.0,,Cortines School Vpa (Los Angeles)
050700,COVINA HIGH SCHOOL,Covina,Los Angeles,19644361932086,1964436,Covina-Valley Unified,0,91.43222396019694,1.0,24.03125,300.0,5,4,4.0,,Covina High (Covina)
051569,CRENSHAW HIGH SCHOOL,Los Angeles,Los Angeles,19647331932128,1964733,Los Angeles Unified,0,99.7443148598859,0.0,16.09375,332.5,5,4,4.0,,Crenshaw High (Los Angeles)
051313,CRESCENTA VALLEY HIGH SCHOOL,La Crescenta,Los Angeles,19645681932144,1964568,Glendale Unified,0,109.48892789086685,2.0,159.6875,625.9375,5,4,5.0,,Crescenta Valley High (La Crescenta)
054632,CRITICAL DESIGN AND GAMING SCH,Los Angeles,Los Angeles,19647330126482,1964733,Los Angeles Unified,0,97.60691486847287,0.0,17.444444444444443,168.11111111111111,5,4,4.0,,Critical Design And Gaming Sch (Los Angeles)
050715,CULVER CITY HIGH SCHOOL,Culver City,Los Angeles,19644441932201,1964444,Culver City Unified,0,102.97827402130905,2.0,75.4375,461.03125,5,4,5.0,,Culver City High (Culver City)
054794,DA VINCI COMMUNICATIONS HS,El Segundo,Los Angeles,19768690131128,1976869,Wiseburn Unified,0,97.67535282473908,1.0,22.0,120.66666666666667,5,4,4.0,,Da Vinci Communications Hs (El Segundo)
055011,DA VINCI CONNECT HIGH SCHOOL,El Segundo,Los Angeles,19768690128728,1976869,Wiseburn Unified,0,97.41505324873984,,14.333333333333334,92.66666666666667,5,4,4.0,,Da Vinci Connect High (El Segundo)
051216,DA VINCI DESIGN HIGH SCHOOL,El Segundo,Los Angeles,19768690119636,1976869,Wiseburn Unified,0,97.66224405867024,1.0,16.923076923076923,147.45454545454547,5,4,4.0,,Da Vinci Design High (El Segundo)
054378,DA VINCI SCIENCE HIGH SCHOOL,El Segundo,Los Angeles,19768690119016,1976869,Wiseburn Unified,0,97.68633380136339,2.0,31.076923076923077,139.36363636363637,5,4,4.0,,Da Vinci Science High (El Segundo)
054368,DANIEL PEARL MAGNET HIGH SCHL,Van Nuys,Los Angeles,19647330120360,1964733,Los Angeles Unified,0,116.35815254656296,1.0,9.866666666666667,71.6,5,4,5.0,,Daniel Pearl Magnet High Schl (Van Nuys)
051575,DAVID STARR JORDAN HS,Los Angeles,Los Angeles,19647331934454,1964733,Los Angeles Unified,0,93.29131451263649,0.0,11.863636363636363,255.86363636363637,5,4,4.0,,David Starr Jordan Hs (Los Angeles)
050748,DIAMOND BAR HIGH SCHOOL,Diamond Bar,Los Angeles,19734601932862,1973460,Walnut Valley Unified,0,83.86721771403501,2.0,299.875,719.65625,5,4,4.0,,Diamond Bar High (Diamond Bar)
052516,DIAMOND RANCH HIGH SCHOOL,Pomona,Los Angeles,19649071995901,1964907,Pomona Unified,0,84.8272691908831,1.0,64.6,406.72,5,4,4.0,,Diamond Ranch High (Pomona)
052489,DISCOVERY CHARTER PREP SCHOOL,Sylmar,Los Angeles,19647330115253,1964733,Los Angeles Unified,0,120.76463553649708,0.0,7.222222222222222,60.75,5,4,5.0,,Discovery Charter Prep School (Sylmar)
050652,DOMINGUEZ HIGH SCHOOL,Compton,Los Angeles,19734371932326,1973437,Compton Unified,0,88.87805648246366,0.0,22.535714285714285,408.9642857142857,5,4,4.0,,Dominguez High (Compton)
050770,DOWNEY HIGH SCHOOL,Downey,Los Angeles,19644511932441,1964451,Downey Unified,0,89.54135155368868,1.0,65.9375,826.125,5,4,4.0,,Downey High (Downey)
051576,DOWNTOWN MAGNETS HIGH SCHOOL,Los Angeles,Los Angeles,19647331932888,1964733,Los Angeles Unified,0,100.61769163510372,2.0,36.32142857142857,193.03571428571428,5,4,5.0,,Downtown Magnets High (Los Angeles)
054547,DR MAYA ANGELOU COMMUNITY HS,Los Angeles,Los Angeles,19647330124479,1964733,Los Angeles Unified,0,97.4389227809216,0.0,15.636363636363637,196.0909090909091,5,4,4.0,,Dr Maya Angelou Community Hs (Los Angeles)
053747,DR RICHARD VLADOVIC HARBOR ACA,Wilmington,Los Angeles,19647330102921,1964733,Los Angeles Unified,0,86.90188987646131,2.0,38.421052631578945,92.57894736842105,5,4,4.0,,Dr Richard Vladovic Harbor Aca (Wilmington)
050783,DUARTE HIGH SCHOOL,Duarte,Los Angeles,19644691932482,1964469,Duarte Unified,0,96.61670774058497,1.0,17.392857142857142,232.82142857142858,5,4,4.0,,Duarte High (Duarte)
051580,EAGLE ROCK HIGH SCHOOL,Los Angeles,Los Angeles,19647331932540,1964733,Los Angeles Unified,0,103.12056599580436,1.0,48.125,400.25,5,4,5.0,,Eagle Rock High (Los Angeles)
054701,EARLY COLLEGE ACAD LA TRADE TECH,Los Angeles,Los Angeles,19647330127803,1964733,Los Angeles Unified,0,99.56974666103618,,8.666666666666666,45.0,5,4,4.0,,Early College Acad La Trade Tech (Los Angeles)
050338,EAST COLLEGE PREP,Los Angeles,Los Angeles,19647330132282,1964733,Los Angeles Unified,0,99.28695284499749,1.0,19.714285714285715,89.71428571428571,5,4,4.0,,East College Prep (Los Angeles)
054082,EAST VALLEY HIGH SCHOOL,North Hollywood,Los Angeles,19647330112037,1964733,Los Angeles Unified,0,110.60667301329788,0.0,9.0,138.14285714285714,5,4,5.0,,East Valley High (North Hollywood)
054060,EASTSIDE HIGH SCHOOL,Lancaster,Los Angeles,19642460108407,1964246,Antelope Valley Union High,0,133.53465676925796,0.0,32.64705882352941,555.5294117647059,5,4,5.0,,Eastside High (Lancaster)
054481,EDGEWOOD HIGH SCHOOL,West Covina,Los Angeles,19650940122432,1965094,West Covina Unified,0,91.49834315662572,1.0,29.333333333333332,196.0,5,4,4.0,,Edgewood High (West Covina)
051862,EDWARD R ROYBAL LEARNING CNTR,Los Angeles,Los Angeles,19647330117051,1964733,Los Angeles Unified,0,100.63840153116512,0.0,21.705882352941178,247.64705882352942,5,4,5.0,,Edward R Roybal Learning Cntr (Los Angeles)
053801,EL CAMINO REAL CHARTER HIGH SC,Woodland Hills,Los Angeles,19647331932623,1964733,Los Angeles Unified,0,120.51421335485765,1.0,134.5625,784.8125,5,4,5.0,,El Camino Real Charter High Sc (Woodland Hills)
050835,EL MONTE HIGH SCHOOL,El Monte,Los Angeles,19645191932664,1964519,El Monte Union High,0,93.97043964197039,1.0,40.21875,423.25,5,4,4.0,,El Monte High (El Monte)
052655,EL RANCHO HIGH SCHOOL,Pico Rivera,Los Angeles,19645271932706,1964527,El Rancho Unified,0,90.76311163885131,1.0,39.5,622.21875,5,4,4.0,,El Rancho High (Pico Rivera)
050845,EL SEGUNDO HIGH SCHOOL,El Segundo,Los Angeles,19645351932763,1964535,El Segundo Unified,0,99.25534394919057,2.0,48.3125,264.5,5,4,4.0,,El Segundo High (El Segundo)
050697,ELIZABETH LEARNING CENTER,Cudahy,Los Angeles,19647336016885,1964733,Los Angeles Unified,0,92.67503233361984,0.0,11.454545454545455,142.95454545454547,5,4,4.0,,Elizabeth Learning Center (Cudahy)
050048,ELLEN OCHOA PREP ACADEMY,Pico Rivera,Los Angeles,19645270133835,1964527,El Rancho Unified,0,90.75926968210989,,13.666666666666666,68.0,5,4,4.0,,Ellen Ochoa Prep Academy (Pico Rivera)
054437,ENVIRON/SOC POLICY MAGNET HS,Los Angeles,Los Angeles,19647330122275,1964733,Los Angeles Unified,0,99.68927238016997,0.0,6.0,66.75,5,4,4.0,,Environ/Soc Policy Magnet Hs (Los Angeles)
055007,ENVIRONMENTAL CHARTER HIGH SCH,Gardena,Los Angeles,19101990140681,1910199,Los Angeles County Office of Education,0,93.8317945139717,,12.0,106.0,5,4,4.0,,Environmental Charter High Sch (Gardena)
051472,ENVIRONMENTAL CHARTER HS LAWNDALE,Lawndale,Los Angeles,19646911996438,1964691,Lawndale Elementary,0,94.75914862578144,1.0,21.470588235294116,109.6470588235294,5,4,4.0,,Environmental Charter Hs Lawndale (Lawndale)
054725,ERNEST S MCBRIDE SR HIGH SCHL,Long Beach,Los Angeles,19647250127381,1964725,Long Beach Unified,0,82.35339554811105,2.0,39.0,174.44444444444446,5,4,4.0,,Ernest S Mcbride Sr High Schl (Long Beach)
051633,ESPERANZA COLLEGE PREP,Los Angeles,Los Angeles,19647330135715,1964733,Los Angeles Unified,0,95.45327350665112,,24.2,114.0,5,4,4.0,,Esperanza College Prep (Los Angeles)
051590,FAIRFAX HIGH SCHOOL,Los Angeles,Los Angeles,19647331932920,1964733,Los Angeles Unified,0,105.50827371174299,1.0,58.65625,440.09375,5,4,5.0,,Fairfax High (Los Angeles)
054381,FELICITAS AND GONZALO MENDEZ HS,Los Angeles,Los Angeles,19647330119966,1964733,Los Angeles Unified,0,98.99781572147944,0.0,15.333333333333334,175.33333333333334,5,4,4.0,,Felicitas And Gonzalo Mendez Hs (Los Angeles)
054382,FELICITAS GONZALO MENDEZ LC1B,Los Angeles,Los Angeles,19647330119966,1964733,Los Angeles Unified,0,98.99781572147944,,7.0,67.0,5,4,4.0,,Felicitas Gonzalo Mendez Lc1B (Los Angeles)
051788,FOSHAY LEARNING CENTER,Los Angeles,Los Angeles,19647336061451,1964733,Los Angeles Unified,0,100.06148453031923,1.0,25.46153846153846,158.26923076923077,5,4,5.0,,Foshay Learning Center (Los Angeles)
051719,FRANCISCO BRAVO MEDICAL MAGNET,Los Angeles,Los Angeles,19647331995448,1964733,Los Angeles Unified,0,98.69430017913757,2.0,96.125,367.375,5,4,4.0,,Francisco Bravo Medical Magnet (Los Angeles)
054179,FREDERICK DOUGLASS ACADEMY HS,Los Angeles,Los Angeles,19647330112557,1964733,Los Angeles Unified,0,101.25717413996938,,11.0,77.0,5,4,5.0,,Frederick Douglass Academy Hs (Los Angeles)
054523,FREMONT ACD ENGINEERING/DESIGN,Pomona,Los Angeles,19649076061634,1964907,Pomona Unified,0,85.6538315250046,0.0,9.777777777777779,85.77777777777777,5,4,4.0,,Fremont Acd Engineering/Design (Pomona)
053062,GABRIELINO HIGH SCHOOL,San Gabriel,Los Angeles,19752911995810,1975291,San Gabriel Unified,0,96.73322305914905,2.0,100.85714285714286,407.2142857142857,5,4,4.0,,Gabrielino High (San Gabriel)
052503,GANESHA HIGH SCHOOL,Pomona,Los Angeles,19649071933175,1964907,Pomona Unified,0,87.84708016375673,0.0,16.296296296296298,269.55555555555554,5,4,4.0,,Ganesha High (Pomona)
051020,GARDENA HIGH SCHOOL,Gardena,Los Angeles,19647331933241,1964733,Los Angeles Unified,0,91.65650061847734,0.0,22.3125,407.96875,5,4,4.0,,Gardena High (Gardena)
052501,GAREY HIGH SCHOOL,Pomona,Los Angeles,19649071933324,1964907,Pomona Unified,0,85.31035574049415,0.0,21.0625,402.875,5,4,4.0,,Garey High (Pomona)
051049,GEORGE KIRIYAMA COMM ADULT SCH,Gardena,Los Angeles,19647331933290,1964733,Los Angeles Unified,0,,,5.0,,5,4,,,George Kiriyama Comm Adult Sch (Gardena)
051605,GEORGE WASHINGTON PREPARATORY,Los Angeles,Los Angeles,19647331939305,1964733,Los Angeles Unified,0,95.67155160882787,0.0,17.03125,353.46875,5,4,4.0,,George Washington Preparatory (Los Angeles)
050309,GIRLS ACADEMIC LEADERSHIP ACAD,Los Angeles,Los Angeles,19647330133603,1964733,Los Angeles Unified,0,99.78225878029228,,34.4,64.6,5,4,4.0,,Girls Academic Leadership Acad (Los Angeles)
050190,GLADSTONE HIGH SCHOOL,Covina,Los Angeles,19642791933449,1964279,Azusa Unified,0,93.2714861861644,0.0,11.954545454545455,287.6818181818182,5,4,4.0,,Gladstone High (Covina)
052694,GLEN A WILSON HIGH SCHOOL,Hacienda Heights,Los Angeles,19734451939834,1973445,Hacienda la Puente Unified,0,87.11409624897897,2.0,98.90625,400.03125,5,4,4.0,,Glen A Wilson High (Hacienda Heights)
051050,GLENDALE HIGH SCHOOL,Glendale,Los Angeles,19645681933530,1964568,Glendale Unified,0,104.69654981488851,1.0,63.3125,685.84375,5,4,5.0,,Glendale High (Glendale)
051070,GLENDORA HIGH SCHOOL,Glendora,Los Angeles,19645761933597,1964576,Glendora Unified,0,93.44555527891677,2.0,64.625,571.3125,5,4,4.0,,Glendora High (Glendora)
053871,GOLDEN VALLEY HIGH SCHOOL,Santa Clarita,Los Angeles,19651360102459,1965136,William S. Hart Union High,0,127.62879188765989,1.0,47.78947368421053,483.42105263157896,5,4,5.0,,Golden Valley High (Santa Clarita)
051088,GRANADA HILLS CHARTER HIGH SCH,Granada Hills,Los Angeles,19647331933746,1964733,Los Angeles Unified,0,120.92773160657191,2.0,219.40625,878.40625,5,4,5.0,,Granada Hills Charter High Sch (Granada Hills)
051622,GREEN DESIGN STEAM ACADEMY,Los Angeles,Los Angeles,19647330124503,1964733,Los Angeles Unified,0,96.39544449565338,0.0,12.3,108.3,5,4,4.0,,Green Design Steam Academy (Los Angeles)
050526,GRETCHEN WHITNEY HIGH SCHOOL,Cerritos,Los Angeles,19642121931880,1964212,ABC Unified,0,83.71243284908931,2.0,115.90625,167.875,5,4,4.0,,Gretchen Whitney High (Cerritos)
989927,HAMILTON HUMANITIES MAGNET,Los Angeles,Los Angeles,19647331932979,1964733,Los Angeles Unified,0,,,7.5,,5,4,,,Hamilton Humanities Magnet (Los Angeles)
054691,HARTS ACADEMY-LA,Harbor City,Los Angeles,19647330127787,1964733,Los Angeles Unified,0,88.96236617991595,0.0,8.666666666666666,92.0,5,4,4.0,,Harts Academy-La (Harbor City)
051145,HAWTHORNE HIGH SCHOOL,Hawthorne,Los Angeles,19643521933951,1964352,Centinela Valley Union High,0,96.78706784494454,0.0,30.866666666666667,542.9666666666667,5,4,4.0,,Hawthorne High (Hawthorne)
053981,HAWTHORNE MATH & SCI ACADEMY,Hawthorne,Los Angeles,19645920100354,1964592,Hawthorne,0,96.62764226797731,,11.0,79.0,5,4,4.0,,Hawthorne Math & Sci Academy (Hawthorne)
051122,HAWTHORNE MATH & SCIENCE ACAD,Hawthorne,Los Angeles,19645920100354,1964592,Hawthorne,0,96.62764226797731,2.0,25.27777777777778,121.61111111111111,5,4,4.0,,Hawthorne Math & Science Acad (Hawthorne)
054249,HELEN BERNSTEIN HIGH SCHOOL,Hollywood,Los Angeles,19647330117069,1964733,Los Angeles Unified,0,104.48378807497005,0.0,9.833333333333334,157.66666666666666,5,4,5.0,,Helen Bernstein High (Hollywood)
051060,HERBERT HOOVER HIGH SCHOOL,Glendale,Los Angeles,19645681934082,1964568,Glendale Unified,0,107.00336581264541,1.0,53.1875,527.0,5,4,5.0,,Herbert Hoover High (Glendale)
051526,HIGH TECH HIGH LA,Van Nuys,Los Angeles,19647330100677,1964733,Los Angeles Unified,0,116.28913352853077,2.0,18.94736842105263,72.89473684210526,5,4,5.0,,High Tech High La (Van Nuys)
052541,HIGHLAND HIGH SCHOOL,Palmdale,Los Angeles,19642461995398,1964246,Antelope Valley Union High,0,129.60393057245716,0.0,38.40625,660.09375,5,4,5.0,,Highland High (Palmdale)
054710,HILDA L SOLIS LEARNING ACDMY,Los Angeles,Los Angeles,19647330126474,1964733,Los Angeles Unified,0,96.60341617619746,0.0,7.0,52.0,5,4,4.0,,Hilda L Solis Learning Acdmy (Los Angeles)
051615,HOLLYWOOD HIGH SCHOOL,Los Angeles,Los Angeles,19647331934033,1964733,Los Angeles Unified,0,105.53351307620225,1.0,26.29032258064516,376.83870967741933,5,4,5.0,,Hollywood High (Los Angeles)
050399,HORACE MANN UCLA COMMUNITY SCH,Los Angeles,Los Angeles,19647330135681,1964733,Los Angeles Unified,0,98.00679545263804,,11.5,44.0,5,4,4.0,,Horace Mann Ucla Community Sch (Los Angeles)
051230,HUNTINGTON PARK HIGH SCHOOL,Huntington Park,Los Angeles,19647331934157,1964733,Los Angeles Unified,0,95.25264039456725,0.0,26.225806451612904,517.0322580645161,5,4,4.0,,Huntington Park High (Huntington Park)
054667,HUNTINGTON PARK INST APPLD MEDICINE,Huntington Park,Los Angeles,19647330126516,1964733,Los Angeles Unified,0,95.48424907001834,1.0,30.363636363636363,158.8181818181818,5,4,4.0,,Huntington Park Inst Appld Medicine (Huntington Park)
053904,ICEF VIEW PARK PREPARATORY HIGH SCH,Los Angeles,Los Angeles,19647330101196,1964733,Los Angeles Unified,0,99.39377668262087,0.0,14.0,110.27777777777777,5,4,4.0,,Icef View Park Preparatory High Sch (Los Angeles)
054846,ILEAD EXPLORATION HYBRID,Acton,Los Angeles,19753090131987,1975309,Acton-Agua Dulce Unified,0,124.39529040886826,2.0,8.6,130.6,5,4,5.0,,Ilead Exploration Hybrid (Acton)
051338,ILEAD ONLINE CHARTER SCHOOL,Acton,Los Angeles,19753090136531,1975309,Acton-Agua Dulce Unified,0,124.39529040886826,,6.0,41.0,5,4,5.0,,Ilead Online Charter School (Acton)
050052,INDEPENDENCE HIGH SCHOOL,Alhambra,Los Angeles,19757131995430,1975713,Alhambra Unified,0,98.691546635247,,5.0,67.0,5,4,4.0,,Independence High (Alhambra)
051260,INGLEWOOD HIGH SCHOOL,Inglewood,Los Angeles,19646341934231,1964634,Inglewood Unified,0,96.8594755745957,0.0,14.866666666666667,320.76666666666665,5,4,4.0,,Inglewood High (Inglewood)
054817,INSPIRE CHARTER SCHOOL,Duarte,Los Angeles,19753090129742,1975309,Acton-Agua Dulce Unified,0,123.17193952755021,,5.0,,5,4,5.0,,Inspire Charter School (Duarte)
052508,INTERNATIONAL POLYTECHNIC HS,Pomona,Los Angeles,19101991995869,1910199,Los Angeles County Office of Education,0,87.65741199677966,2.0,20.04,116.6,5,4,4.0,,International Polytechnic Hs (Pomona)
054028,INTERNATIONAL STUDIES LEARNING CTR,South Gate,Los Angeles,19647330107011,1964733,Los Angeles Unified,0,91.3596330547674,2.0,14.2,85.06666666666666,5,4,4.0,,International Studies Learning Ctr (South Gate)
055452,IOVINE & YOUNG CENTER IDTE MAGNET,Los Angeles,Los Angeles,19647330141630,1964733,Los Angeles Unified,0,100.36897121430705,,5.0,8.0,5,4,5.0,,Iovine & Young Center Idte Magnet (Los Angeles)
054234,IVY ACADEMIA,Woodland Hills,Los Angeles,19647330106351,1964733,Los Angeles Unified,0,119.9066136931447,0.0,7.0,46.125,5,4,5.0,,Ivy Academia (Woodland Hills)
051635,JAMES A GARFIELD HIGH SCHOOL,Los Angeles,Los Angeles,19647331933381,1964733,Los Angeles Unified,0,95.3827742445553,1.0,54.4375,635.9375,5,4,4.0,,James A Garfield High (Los Angeles)
052902,JAMES MONROE HIGH SCHOOL,North Hills,Los Angeles,19647331935865,1964733,Los Angeles Unified,0,117.97215106678865,0.0,30.5625,540.375,5,4,5.0,,James Monroe High (North Hills)
052696,JOHN A ROWLAND HIGH SCHOOL,Rowland Heights,Los Angeles,19734521937564,1973452,Rowland Unified,0,84.89498160263412,2.0,96.65625,558.0625,5,4,4.0,,John A Rowland High (Rowland Heights)
050400,JOHN BURROUGHS HIGH SCHOOL,Burbank,Los Angeles,19643371931237,1964337,Burbank Unified,0,109.14647608799513,2.0,60.40625,531.375,5,4,5.0,,John Burroughs High (Burbank)
051645,JOHN C FREMONT HIGH SCHOOL,Los Angeles,Los Angeles,19647331933118,1964733,Los Angeles Unified,0,96.10499357619908,0.0,24.620689655172413,498.7931034482759,5,4,4.0,,John C Fremont High (Los Angeles)
051089,JOHN F KENNEDY HIGH SCHOOL,Granada Hills,Los Angeles,19647331939941,1964733,Los Angeles Unified,0,120.40942015963037,1.0,37.59375,504.8125,5,4,5.0,,John F Kennedy High (Granada Hills)
052166,JOHN GLENN HIGH SCHOOL,Norwalk,Los Angeles,19648401933647,1964840,Norwalk-La Mirada Unified,0,85.38451516746554,0.0,16.096774193548388,356.3225806451613,5,4,4.0,,John Glenn High (Norwalk)
052388,JOHN MARSHALL FUNDAMENTAL SCH,Pasadena,Los Angeles,19648811931674,1964881,Pasadena Unified,0,102.0563015695196,1.0,32.74193548387097,226.74193548387098,5,4,5.0,,John Marshall Fundamental Sch (Pasadena)
051650,JOHN MARSHALL HIGH SCHOOL,Los Angeles,Los Angeles,19647331935568,1964733,Los Angeles Unified,0,103.9733457115321,1.0,89.5625,667.25,5,4,5.0,,John Marshall High (Los Angeles)
052390,JOHN MUIR HIGH SCHOOL,Pasadena,Los Angeles,19648811936103,1964881,Pasadena Unified,0,104.34416788833606,0.0,16.65625,264.84375,5,4,5.0,,John Muir High (Pasadena)
053467,JOHN RANCIS POLYTECHNIC HIGH SCHOOL,Sun Valley,Los Angeles,19647331932987,1964733,Los Angeles Unified,0,114.59478419720404,1.0,52.354838709677416,668.258064516129,5,4,5.0,,John Rancis Polytechnic High (Sun Valley)
051465,JORDAN HIGH SCHOOL,Long Beach,Los Angeles,19647251934470,1964725,Long Beach Unified,0,87.85342911693071,0.0,25.838709677419356,726.8387096774194,5,4,4.0,,Jordan High (Long Beach)
051504,JUAN RODRIGUEZ CABRILLO HS,Long Beach,Los Angeles,19647251995935,1964725,Long Beach Unified,0,84.81426482276188,0.0,24.916666666666668,571.4166666666666,5,4,4.0,,Juan Rodriguez Cabrillo Hs (Long Beach)
051672,KING DREW MAGNET HS MED/SCI,Los Angeles,Los Angeles,19647331933001,1964733,Los Angeles Unified,0,92.78618298492461,2.0,51.38709677419355,262.35483870967744,5,4,4.0,,King Drew Magnet Hs Med/Sci (Los Angeles)
051312,LA CANADA HIGH SCHOOL,La Canada,Los Angeles,19646591934611,1964659,La Canada Unified,0,105.49608523575628,2.0,134.59375,341.40625,5,4,5.0,,La Canada High (La Canada)
051561,LA CENTER ENRICHED STUDIES,Los Angeles,Los Angeles,19647331932847,1964733,Los Angeles Unified,0,103.72710899364718,2.0,61.46875,195.9375,5,4,5.0,,La Center Enriched Studies (Los Angeles)
051352,LA MIRADA HIGH SCHOOL,La Mirada,Los Angeles,19648401934728,1964840,Norwalk-La Mirada Unified,0,83.79595176788419,1.0,32.5,462.84375,5,4,4.0,,La Mirada High (La Mirada)
051359,LA PUENTE HIGH SCHOOL,La Puente,Los Angeles,19734451934801,1973445,Hacienda la Puente Unified,0,89.36262481637957,1.0,19.548387096774192,319.6774193548387,5,4,4.0,,La Puente High (La Puente)
053756,LA SERNA HIGH SCHOOL,Whittier,Los Angeles,19651281934868,1965128,Whittier Union High,0,86.33050001829119,2.0,63.1875,518.03125,5,4,4.0,,La Serna High (Whittier)
1252154,LAKE BALBOA COLLEGE PREP K-12,Van Nuys,Los Angeles,19647331931716,1964733,Los Angeles Unified,0,116.38542361353853,2.0,10.4,40.93333333333333,5,4,5.0,,Lake Balboa College Prep K-12 (Van Nuys)
051347,LAKEWOOD HIGH SCHOOL,Lakewood,Los Angeles,19647251934678,1964725,Long Beach Unified,0,83.74140591593437,1.0,48.0,834.53125,5,4,4.0,,Lakewood High (Lakewood)
051412,LANCASTER HIGH SCHOOL,Lancaster,Los Angeles,19642461995844,1964246,Antelope Valley Union High,0,136.83949300959839,0.0,28.77777777777778,600.1111111111111,5,4,5.0,,Lancaster High (Lancaster)
054683,LARCHMONT CHARTER SCHOOL,Los Angeles,Los Angeles,19647330108928,1964733,Los Angeles Unified,0,106.08310999884476,2.0,36.3,98.9,5,4,5.0,,Larchmont Charter School (Los Angeles)
051431,LAWNDALE HIGH SCHOOL,Lawndale,Los Angeles,19643521934926,1964352,Centinela Valley Union High,0,95.70943942670402,0.0,47.375,404.75,5,4,4.0,,Lawndale High (Lawndale)
054614,LEADERSHIP IN ENTERTAINMENT,Los Angeles,Los Angeles,19647330125963,1964733,Los Angeles Unified,0,99.61331569540967,,11.0,69.0,5,4,4.0,,Leadership In Entertainment (Los Angeles)
055449,LEADERSHIP&PUBLIC SVC VIRTUAL ACA,Los Angeles,Los Angeles,19647330141564,1964733,Los Angeles Unified,0,100.59461371074981,,6.0,135.0,5,4,5.0,,Leadership&Public Svc Virtual Aca (Los Angeles)
053361,LEARNING POST ACADEMY,Santa Clarita,Los Angeles,19651361932532,1965136,William S. Hart Union High,0,128.2709089521882,,6.333333333333333,115.0,5,4,5.0,,Learning Post Academy (Santa Clarita)
054642,LEGACY HIGH SCHOOL VAPA,South Gate,Los Angeles,19647330126557,1964733,Los Angeles Unified,0,91.3596330547674,0.0,9.11111111111111,94.11111111111111,5,4,4.0,,Legacy High Vapa (South Gate)
051498,LENNOX MATH SCIENCE TECH ACAD,Inglewood,Los Angeles,19647090100602,1964709,Lennox,0,97.34976412819616,2.0,29.57894736842105,128.47368421052633,5,4,4.0,,Lennox Math Science Tech Acad (Inglewood)
051375,LEUZINGER HIGH SCHOOL,Lawndale,Los Angeles,19643521935048,1964352,Centinela Valley Union High,0,95.397401551683,0.0,35.8125,540.5,5,4,4.0,,Leuzinger High (Lawndale)
054644,LIBRA ACADEMY AT LINDA MARQUEZ HS,Huntington Park,Los Angeles,19647330126524,1964733,Los Angeles Unified,0,95.48424907001834,1.0,18.615384615384617,138.92307692307693,5,4,4.0,,Libra Academy At Linda Marquez Hs (Huntington Park)
050899,LIFELINE EDUCATION CHARTER SCH,Compton,Los Angeles,19734370115725,1973437,Compton Unified,0,90.1306649443595,,8.88888888888889,53.142857142857146,5,4,4.0,,Lifeline Education Charter Sch (Compton)
054645,LINDA MARQUEZ HS-SOCIAL JUSTICE,Huntington Park,Los Angeles,19647330126532,1964733,Los Angeles Unified,0,95.48424907001834,1.0,13.0,123.33333333333333,5,4,4.0,,Linda Marquez Hs-Social Justice (Huntington Park)
051418,LITTLEROCK HIGH SCHOOL,Littlerock,Los Angeles,19642461995406,1964246,Antelope Valley Union High,0,123.7100393246873,0.0,16.666666666666668,407.48148148148147,5,4,5.0,,Littlerock High (Littlerock)
051523,LOCKE SENIOR HIGH SCHOOL,Los Angeles,Los Angeles,19647330118588,1964733,Los Angeles Unified,0,94.20310519853268,,13.666666666666666,14.0,5,4,4.0,,Locke Senior High (Los Angeles)
051480,LONG BEACH POLYTECHNIC HS,Long Beach,Los Angeles,19647251936947,1964725,Long Beach Unified,0,83.31423483312692,1.0,145.75,1042.53125,5,4,4.0,,Long Beach Polytechnic Hs (Long Beach)
051360,LOS ALTOS HIGH SCHOOL,Hacienda Heights,Los Angeles,19734451935246,1973445,Hacienda la Puente Unified,0,88.88719022122991,1.0,54.5,419.21875,5,4,4.0,,Los Altos High (Hacienda Heights)
054387,LOS ANGELES ACAD ARTS ENTRPRSE,Los Angeles,Los Angeles,19647330110304,1964733,Los Angeles Unified,0,100.96191651548997,0.0,6.857142857142857,37.714285714285715,5,4,5.0,,Los Angeles Acad Arts Entrprse (Los Angeles)
054121,LOS ANGELES COLG PREP ACADEMY,Los Angeles,Los Angeles,19772890109942,1977289,SBE - Los Angeles College Prep Academy,0,100.61934741628806,,12.0,,5,4,5.0,,Los Angeles Colg Prep Academy (Los Angeles)
051677,LOS ANGELES COUNTY HS FOR THE ARTS,Los Angeles,Los Angeles,19101991933399,1910199,Los Angeles County Office of Education,0,97.94330340047875,2.0,18.6875,154.875,5,4,4.0,,Los Angeles County Hs For The Arts (Los Angeles)
054162,LOS ANGELES HS OF THE ARTS,Los Angeles,Los Angeles,19647330117747,1964733,Los Angeles Unified,0,101.90823484129827,0.0,9.23076923076923,92.6923076923077,5,4,5.0,,Los Angeles Hs Of The Arts (Los Angeles)
051660,LOS ANGELES LEADERSHIP ACAD HS,Los Angeles,Los Angeles,19101991996610,1910199,Los Angeles County Office of Education,0,,,8.636363636363637,,5,4,,,Los Angeles Leadership Acad Hs (Los Angeles)
051737,LOS ANGELES RIVER SCHOOL,Los Angeles,Los Angeles,,,,0,,,6.0,,5,4,,,Los Angeles River School (Los Angeles)
054057,LOS ANGELES SCHOOL GLOBAL STUDIES,Los Angeles,Los Angeles,19647330112870,1964733,Los Angeles Unified,0,100.6611285113973,0.0,8.23076923076923,81.92307692307692,5,4,5.0,,Los Angeles School Global Studies (Los Angeles)
051680,LOS ANGELES SENIOR HIGH SCHOOL,Los Angeles,Los Angeles,19647331935352,1964733,Los Angeles Unified,0,103.06395762160469,0.0,25.375,429.15625,5,4,5.0,,Los Angeles Senior High (Los Angeles)
054366,LOS ANGELES TEACHER PREP HS,Los Angeles,Los Angeles,19647330117754,1964733,Los Angeles Unified,0,100.88147160406994,,7.0,34.0,5,4,5.0,,Los Angeles Teacher Prep Hs (Los Angeles)
054215,LOU DANTZLER PREP CHARTER HS,Los Angeles,Los Angeles,19647330112540,1964733,Los Angeles Unified,0,,,9.0,79.5,5,4,,,Lou Dantzler Prep Charter Hs (Los Angeles)
051885,LYNWOOD HIGH SCHOOL,Lynwood,Los Angeles,19647741935436,1964774,Lynwood Unified,0,90.87452563898117,0.0,30.25,615.0,5,4,4.0,,Lynwood High (Lynwood)
054053,M C LEARNING COMPLX-SCH OF BUS&TRSM,Los Angeles,Los Angeles,19647330112029,1964733,Los Angeles Unified,0,100.6611285113973,1.0,14.588235294117647,102.29411764705883,5,4,5.0,,M C Learning Complx-Sch Of Bus&Trsm (Los Angeles)
053014,MAGNOLIA SCIENCE ACADEMY - 1 RESEDA,Reseda,Los Angeles,19101996119945,1910199,Los Angeles County Office of Education,0,117.91989922539777,1.0,12.333333333333334,74.375,5,4,5.0,,Magnolia Science Academy - 1 Reseda (Reseda)
054475,MAGNOLIA SCIENCE ACADEMY 2 VALLEY,Van Nuys,Los Angeles,19101990115212,1910199,Los Angeles County Office of Education,0,116.23934269958919,0.0,7.666666666666667,44.2,5,4,5.0,,Magnolia Science Academy 2 Valley (Van Nuys)
054510,MAGNOLIA SCIENCE ACADEMY 3 CARSON,Carson,Los Angeles,19101990115030,1910199,Los Angeles County Office of Education,0,89.10713432540369,,8.333333333333334,53.5,5,4,4.0,,Magnolia Science Academy 3 Carson (Carson)
054468,MAGNOLIA SCIENCE ACADEMY 4 VENICE,Los Angeles,Los Angeles,19647330117622,1964733,Los Angeles Unified,0,105.39457326159174,0.0,7.5,28.166666666666668,5,4,5.0,,Magnolia Science Academy 4 Venice (Los Angeles)
054483,MAGNOLIA SCIENCE ACADEMY 5 LOBOS,Reseda,Los Angeles,19101990137679,1910199,Los Angeles County Office of Education,0,117.88944327719928,,7.5,31.0,5,4,5.0,,Magnolia Science Academy 5 Lobos (Reseda)
051896,MALIBU HIGH SCHOOL,Malibu,Los Angeles,19649801995737,1964980,Santa Monica-Malibu Unified,0,121.27072788575855,2.0,36.43333333333333,150.66666666666666,5,4,5.0,,Malibu High (Malibu)
051700,MANUAL ARTS SENIOR HIGH SCHOOL,Los Angeles,Los Angeles,19647331935519,1964733,Los Angeles Unified,0,98.96023756636801,0.0,21.40625,482.4375,5,4,4.0,,Manual Arts Senior High (Los Angeles)
052039,MARCO ANTONIO FIREBAUGH HS,Lynwood,Los Angeles,19647740109538,1964774,Lynwood Unified,0,90.33059191614535,0.0,40.1764705882353,367.3125,5,4,4.0,,Marco Antonio Firebaugh Hs (Lynwood)
050055,MARK KEPPEL HIGH SCHOOL,Alhambra,Los Angeles,19757131934553,1975713,Alhambra Unified,0,96.63143081448155,2.0,130.78125,574.0,5,4,4.0,,Mark Keppel High (Alhambra)
054767,MATH AND SCIENCE COLLEGE PREP,Los Angeles,Los Angeles,19647330126136,1964733,Los Angeles Unified,0,101.23607138924943,2.0,27.333333333333332,120.66666666666667,5,4,5.0,,Math And Science College Prep (Los Angeles)
054436,MATH SCIENCE TECHNOLOGY MAGNET,Los Angeles,Los Angeles,19647330122333,1964733,Los Angeles Unified,0,97.88210188735613,2.0,14.307692307692308,105.3076923076923,5,4,4.0,,Math Science Technology Magnet (Los Angeles)
051348,MAYFAIR HIGH SCHOOL,Lakewood,Los Angeles,19643031935618,1964303,Bellflower Unified,0,84.94136259596259,1.0,28.333333333333332,434.93333333333334,5,4,4.0,,Mayfair High (Lakewood)
053998,MAYWOOD ACADEMY HIGH SCHOOL,Maywood,Los Angeles,19647330109462,1964733,Los Angeles Unified,0,94.00549708466727,0.0,18.3125,229.0625,5,4,4.0,,Maywood Academy High (Maywood)
050551,MAYWOOD CTR ENRICHED STUDIES,Maywood,Los Angeles,19647330135855,1964733,Los Angeles Unified,0,94.09560821639649,1.0,41.285714285714285,172.14285714285714,5,4,4.0,,Maywood Ctr Enriched Studies (Maywood)
054627,MERVYN M DYMALLY HIGH SCHOOL,Los Angeles,Los Angeles,19647330126573,1964733,Los Angeles Unified,0,95.38769472196614,0.0,9.0,144.875,5,4,4.0,,Mervyn M Dymally High (Los Angeles)
051722,MIDDLE COLLEGE HIGH SCHOOL,Los Angeles,Los Angeles,19647330102913,1964733,Los Angeles Unified,0,93.08926652939296,1.0,14.590909090909092,87.55555555555556,5,4,4.0,,Middle College High (Los Angeles)
051895,MIRA COSTA HIGH SCHOOL,Manhattan Beach,Los Angeles,19753331935808,1975333,Manhattan Beach Unified,0,95.65729361476228,2.0,140.03125,553.3125,5,4,4.0,,Mira Costa High (Manhattan Beach)
052015,MONROVIA HIGH SCHOOL,Monrovia,Los Angeles,19647901935923,1964790,Monrovia Unified,0,98.39805706949271,1.0,31.40625,363.1875,5,4,4.0,,Monrovia High (Monrovia)
052029,MONTEBELLO HIGH SCHOOL,Montebello,Los Angeles,19648081935998,1964808,Montebello Unified,0,93.68635134982941,0.0,30.5,668.78125,5,4,4.0,,Montebello High (Montebello)
051262,MORNINGSIDE HIGH SCHOOL,Inglewood,Los Angeles,19646341936046,1964634,Inglewood Unified,0,96.97306511406056,0.0,8.782608695652174,220.30434782608697,5,4,4.0,,Morningside High (Inglewood)
051783,MOUNT SAC EARLY COLLEGE ACADEMY,West Covina,Los Angeles,19650940137042,1965094,West Covina Unified,0,90.48746165166709,,21.25,75.0,5,4,4.0,,Mount Sac Early College Academy (West Covina)
050837,MOUNTAIN VIEW HIGH SCHOOL,El Monte,Los Angeles,19645191932680,1964519,El Monte Union High,0,92.63285666070713,0.0,20.34375,364.9375,5,4,4.0,,Mountain View High (El Monte)
051140,NATHANIEL NARBONNE HIGH SCHOOL,Harbor City,Los Angeles,19647331936160,1964733,Los Angeles Unified,0,88.95847435613254,0.0,41.0625,465.6875,5,4,4.0,,Nathaniel Narbonne High (Harbor City)
054826,NAVA COLLEGE PREP ACADEMY,Los Angeles,Los Angeles,19647330129585,1964733,Los Angeles Unified,0,97.61481297663819,0.0,14.375,139.375,5,4,4.0,,Nava College Prep Academy (Los Angeles)
054498,NEW DESIGNS CHARTER SCH WATTS,Los Angeles,Los Angeles,19647330120071,1964733,Los Angeles Unified,0,93.1240346254558,0.0,5.5,39.0,5,4,4.0,,New Designs Charter Sch Watts (Los Angeles)
054025,NEW DESIGNS CHARTER SCHOOL,Los Angeles,Los Angeles,19647330102541,1964733,Los Angeles Unified,0,99.61121053285075,1.0,13.266666666666667,79.53333333333333,5,4,4.0,,New Designs Charter School (Los Angeles)
050512,NEW MILLENNIUM SECONDARY SCHL,Gardena,Los Angeles,19647330117911,1964733,Los Angeles Unified,0,91.6398256963912,,8.666666666666666,86.33333333333333,5,4,4.0,,New Millennium Secondary Schl (Gardena)
054457,NEW OPEN WORLD ACADEMY,Los Angeles,Los Angeles,19647330119685,1964733,Los Angeles Unified,0,101.87903058995616,0.0,12.125,80.875,5,4,5.0,,New Open World Academy (Los Angeles)
054165,NEW VILLAGE GIRLS ACADEMY,Los Angeles,Los Angeles,19647330111484,1964733,Los Angeles Unified,0,101.99016708340082,,5.0,30.0,5,4,5.0,,New Village Girls Academy (Los Angeles)
054663,NEW WEST CHARTER SCHOOL,Los Angeles,Los Angeles,19647336120158,1964733,Los Angeles Unified,0,,,47.0,,5,4,,,New West Charter School (Los Angeles)
051357,NOGALES HIGH SCHOOL,La Puente,Los Angeles,19734521936228,1973452,Rowland Unified,0,86.68406117189244,1.0,35.78125,475.125,5,4,4.0,,Nogales High (La Puente)
053520,NORTH HIGH SCHOOL,Torrance,Los Angeles,19650601936277,1965060,Torrance Unified,0,93.14921110099904,2.0,74.5625,473.40625,5,4,4.0,,North High (Torrance)
052145,NORTH HOLLYWOOD HIGH SCHOOL,North Hollywood,Los Angeles,19647331936350,1964733,Los Angeles Unified,0,110.94668973253064,1.0,96.15625,610.9375,5,4,5.0,,North Hollywood High (North Hollywood)
053969,NORTH VALLEY MILITARY INST,Sun Valley,Los Angeles,19101990100776,1910199,Los Angeles County Office of Education,0,115.06159531998846,,11.333333333333334,72.6,5,4,5.0,,North Valley Military Inst (Sun Valley)
053879,NORTHRIDGE ACADEMY HIGH SCHOOL,Northridge,Los Angeles,19647330107003,1964733,Los Angeles Unified,0,120.01443526636555,1.0,18.736842105263158,195.47368421052633,5,4,5.0,,Northridge Academy High (Northridge)
050703,NORTHVIEW HIGH SCHOOL,Covina,Los Angeles,19644361936418,1964436,Covina-Valley Unified,0,92.61209393053696,1.0,22.785714285714285,313.7142857142857,5,4,4.0,,Northview High (Covina)
052167,NORWALK HIGH SCHOOL,Norwalk,Los Angeles,19648401936467,1964840,Norwalk-La Mirada Unified,0,86.56744674629167,0.0,31.464285714285715,458.0357142857143,5,4,4.0,,Norwalk High (Norwalk)
051614,ODYSSEY STEM ACADEMY,Lakewood,Los Angeles,19648730136705,1964873,Paramount Unified,0,85.67428054473392,,45.75,106.25,5,4,4.0,,Odyssey Stem Academy (Lakewood)
051518,OPPORTUNITIES LRN-BALDWIN PARK,Irwindale,Los Angeles,19642871996479,1964287,Baldwin Park Unified,0,93.71273184878002,0.0,10.909090909090908,444.8181818181818,5,4,4.0,,Opportunities Lrn-Baldwin Park (Irwindale)
051506,OPPORTUNITIES LRN-WILLIAM HART,Valencia,Los Angeles,19651361996263,1965136,William S. Hart Union High,0,132.05155731564767,,5.0,271.5,5,4,5.0,,Opportunities Lrn-William Hart (Valencia)
051546,OPPORTUNITIES LRNG-BALDWIN II,Irwindale,Los Angeles,19642870114397,1964287,Baldwin Park Unified,0,100.4658119311785,0.0,7.5,700.5,5,4,5.0,,Opportunities Lrng-Baldwin Ii (Irwindale)
052426,OPTIONS FOR YOUTH BURBANK,Burbank,Los Angeles,19643371996099,1964337,Burbank Unified,0,109.84530862968876,,6.0,282.0,5,4,5.0,,Options For Youth Burbank (Burbank)
054939,OPTIONS FOR YOUTH DUARTE - PASADENA,Pasadena,Los Angeles,19644690139535,1964469,Duarte Unified,0,100.2621557246209,,11.75,438.25,5,4,5.0,,Options For Youth Duarte - Pasadena (Pasadena)
052432,OPTIONS FOR YOUTH SAN GABRIEL,San Gabriel,Los Angeles,19752911996016,1975291,San Gabriel Unified,0,98.27357976010755,0.0,8.0,439.0,5,4,4.0,,Options For Youth San Gabriel (San Gabriel)
051811,ORTHOPAEDIC HOSPITAL MAGNET HS,Los Angeles,Los Angeles,19647330106997,1964733,Los Angeles Unified,0,99.36073879786287,2.0,25.894736842105264,155.21052631578948,5,4,4.0,,Orthopaedic Hospital Magnet Hs (Los Angeles)
051781,OSCAR DE LA HOYA ANIMO CHARTER,Los Angeles,Los Angeles,19647330101675,1964733,Los Angeles Unified,0,96.77414246004503,1.0,14.631578947368421,137.42105263157896,5,4,4.0,,Oscar De La Hoya Animo Charter (Los Angeles)
052327,PALISADES CHARTER HIGH SCHOOL,Pacific Palisades,Los Angeles,19647331995836,1964733,Los Angeles Unified,0,109.92139478663276,2.0,158.79310344827587,594.1034482758621,5,4,5.0,,Palisades Charter High (Pacific Palisades)
052313,PALISADES HIGH SCHOOL,Pacific Palisade,Los Angeles,19647331936566,1964733,Los Angeles Unified,0,,,25.375,241.33333333333334,5,4,,,Palisades High (Pacific Palisade)
055068,PALMDALE ACADEMY CHARTER,Palmdale,Los Angeles,19648570140889,1964857,Palmdale Elementary,0,126.2501159990342,,22.0,210.0,5,4,5.0,,Palmdale Academy Charter (Palmdale)
054705,PALMDALE AEROSPACE ACADEMY,Palmdale,Los Angeles,19648570125377,1964857,Palmdale Elementary,0,126.94040441679925,1.0,27.2,180.8,5,4,5.0,,Palmdale Aerospace Academy (Palmdale)
052315,PALMDALE HIGH SCHOOL,Palmdale,Los Angeles,19642461936624,1964246,Antelope Valley Union High,0,126.91938927546994,0.0,22.35483870967742,616.4516129032259,5,4,5.0,,Palmdale High (Palmdale)
054522,PALOMARES ACADEMY HEALTH SCIENCE,Pomona,Los Angeles,19649076061642,1964907,Pomona Unified,0,88.20659260317476,0.0,8.0,50.5,5,4,4.0,,Palomares Academy Health Science (Pomona)
052358,PALOS VERDES HIGH SCHOOL,Palos Verdes Estate,Los Angeles,19648651996552,1964865,Palos Verdes Peninsula Unified,0,92.53763236465399,2.0,121.0,393.5238095238095,5,4,4.0,,Palos Verdes High (Palos Verdes Estate)
052683,PALOS VERDES PENINSULA HS,Rolling Hills Estat,Los Angeles,19648651995588,1964865,Palos Verdes Peninsula Unified,0,90.55741937217353,2.0,262.25,637.0625,5,4,4.0,,Palos Verdes Peninsula Hs (Rolling Hills Estat)
054081,PANORAMA HIGH SCHOOL,Panorama City,Los Angeles,19647330112052,1964733,Los Angeles Unified,0,115.84358935805656,0.0,27.470588235294116,285.52941176470586,5,4,5.0,,Panorama High (Panorama City)
052365,PARAMOUNT HIGH SCHOOL,Paramount,Los Angeles,19648731936749,1964873,Paramount Unified,0,88.24564181069483,0.0,44.71875,899.90625,5,4,4.0,,Paramount High (Paramount)
052401,PASADENA HIGH SCHOOL,Pasadena,Los Angeles,19648811936822,1964881,Pasadena Unified,0,101.38690145876872,1.0,47.625,469.125,5,4,5.0,,Pasadena High (Pasadena)
054892,PATHWAYS COMMUNITY,Los Angeles,Los Angeles,19647330127878,1964733,Los Angeles Unified,0,95.38769472196614,0.0,13.0,109.0,5,4,4.0,,Pathways Community (Los Angeles)
051621,PERFORMING ARTS COMMUNITY SCHO,Los Angeles,Los Angeles,19647330124511,1964733,Los Angeles Unified,0,96.39544449565338,0.0,13.545454545454545,107.72727272727273,5,4,4.0,,Performing Arts Community Scho (Los Angeles)
053785,PHINEAS BANNING HIGH SCHOOL,Wilmington,Los Angeles,19647331930650,1964733,Los Angeles Unified,0,86.60601074539126,0.0,30.5625,488.84375,5,4,4.0,,Phineas Banning High (Wilmington)
053760,PIONEER HIGH SCHOOL,Whittier,Los Angeles,19651281936889,1965128,Whittier Union High,0,89.77598386230397,1.0,20.516129032258064,290.0,5,4,4.0,,Pioneer High (Whittier)
052505,POMONA HIGH SCHOOL,Pomona,Los Angeles,19649071937028,1964907,Pomona Unified,0,88.19352337491156,0.0,16.0,292.51724137931035,5,4,4.0,,Pomona High (Pomona)
054055,PORT OF LOS ANGELES HS,San Pedro,Los Angeles,19647330107755,1964733,Los Angeles Unified,0,84.80551864365202,2.0,22.647058823529413,196.8235294117647,5,4,4.0,,Port Of Los Angeles Hs (San Pedro)
051632,PREPA TEC HIGH SCHOOL,Bell Gardens,Los Angeles,19769920133900,1976992,SBE - Prepa Tec Los Angeles High,0,93.87096442492873,,7.0,98.0,5,4,4.0,,Prepa Tec High (Bell Gardens)
051620,PUBLIC SERVICE COMMUNITY SCHOO,Los Angeles,Los Angeles,19647330124487,1964733,Los Angeles Unified,0,96.39544449565338,1.0,9.692307692307692,106.07692307692308,5,4,4.0,,Public Service Community Schoo (Los Angeles)
051548,PUC CALS MIDDLE AND EARLY COLL,Los Angeles,Los Angeles,19647330133298,1964733,Los Angeles Unified,0,102.76688373100015,2.0,10.277777777777779,54.3,5,4,5.0,,Puc Cals Middle And Early Coll (Los Angeles)
054065,PUC COMMUNITY CHARTER EARLY COLL HS,Sylmar,Los Angeles,19647336116750,1964733,Los Angeles Unified,0,117.15919108073142,2.0,12.294117647058824,61.0,5,4,5.0,,Puc Community Charter Early Coll Hs (Sylmar)
054541,PUC EARLY COLG ACADEMY LEADERS,Los Angeles,Los Angeles,19647330124933,1964733,Los Angeles Unified,0,119.95940685318193,1.0,11.4,68.8,5,4,5.0,,Puc Early Colg Academy Leaders (Los Angeles)
054519,PUC LAKEVIEW CHARTER HIGH SCHL,Sylmar,Los Angeles,19647330122606,1964733,Los Angeles Unified,0,121.63125771869493,1.0,16.454545454545453,99.81818181818181,5,4,5.0,,Puc Lakeview Charter High Schl (Sylmar)
054532,PUC TRIUMPH CHARTER ACADEMY HS,Sylmar,Los Angeles,19647330133272,1964733,Los Angeles Unified,0,121.63125771869493,1.0,7.636363636363637,97.44444444444444,5,4,5.0,,Puc Triumph Charter Academy Hs (Sylmar)
052543,QUARTZ HILL HIGH SCHOOL,Quartz Hill,Los Angeles,19642461937051,1964246,Antelope Valley Union High,0,135.88324011417333,1.0,53.53125,686.1875,5,4,5.0,,Quartz Hill High (Quartz Hill)
054525,RANCHO DOMINGUEZ PREP SCHOOL,Long Beach,Los Angeles,19647330124529,1964733,Los Angeles Unified,0,86.9096422444199,0.0,14.615384615384615,128.69230769230768,5,4,4.0,,Rancho Dominguez Prep School (Long Beach)
052600,REDONDO UNION HIGH SCHOOL,Redondo Beach,Los Angeles,19753411937143,1975341,Redondo Beach Unified,0,94.15652256878784,2.0,74.28125,561.40625,5,4,4.0,,Redondo Union High (Redondo Beach)
051763,RENAISSANCE ARTS ACADEMY,Los Angeles,Los Angeles,19647330101683,1964733,Los Angeles Unified,0,102.8071674462053,2.0,11.5,34.214285714285715,5,4,5.0,,Renaissance Arts Academy (Los Angeles)
051501,RENAISSANCE HIGH SCHOOL ARTS,Long Beach,Los Angeles,19647251996503,1964725,Long Beach Unified,0,82.98982363428783,1.0,8.11111111111111,93.0,5,4,4.0,,Renaissance High Arts (Long Beach)
052620,RESEDA HIGH SCHOOL,Reseda,Los Angeles,19647331937226,1964733,Los Angeles Unified,0,117.34024007861865,0.0,35.09375,389.40625,5,4,5.0,,Reseda High (Reseda)
050913,RICHARD D BROWNING HIGH SCHOOL,Long Beach,Los Angeles,19647250135525,1964725,Long Beach Unified,0,82.60662192034351,,5.0,97.0,5,4,4.0,,Richard D Browning High (Long Beach)
050722,RICHARD GAHR HIGH SCHOOL,Cerritos,Los Angeles,19642121933159,1964212,ABC Unified,0,84.78323212669538,1.0,50.125,431.40625,5,4,4.0,,Richard Gahr High (Cerritos)
050308,RISE KOHYANG HIGH SCHOOL,Los Angeles,Los Angeles,19647330133868,1964733,Los Angeles Unified,0,102.44589184851303,,31.166666666666668,100.83333333333333,5,4,5.0,,Rise Kohyang High (Los Angeles)
051476,ROBERT A MILLIKAN HIGH SCHOOL,Long Beach,Los Angeles,19647251935758,1964725,Long Beach Unified,0,81.67491225105113,1.0,65.53125,856.78125,5,4,4.0,,Robert A Millikan High (Long Beach)
054030,ROBERT FULTON COLLEGE PREP SCH,Van Nuys,Los Angeles,19647336058002,1964733,Los Angeles Unified,0,115.59493049398503,0.0,9.857142857142858,136.35714285714286,5,4,5.0,,Robert Fulton College Prep Sch (Van Nuys)
052685,ROSEMEAD HIGH SCHOOL,Rosemead,Los Angeles,19645191937481,1964519,El Monte Union High,0,96.15834236837121,2.0,69.90625,448.375,5,4,4.0,,Rosemead High (Rosemead)
052894,SAN DIMAS HIGH SCHOOL,San Dimas,Los Angeles,19643291937739,1964329,Bonita Unified,0,90.81835276520623,2.0,30.53125,310.0625,5,4,4.0,,San Dimas High (San Dimas)
052905,SAN FERNANDO HIGH SCHOOL,San Fernando,Los Angeles,19647331937622,1964733,Los Angeles Unified,0,118.70653287830339,0.0,37.84375,561.71875,5,4,5.0,,San Fernando High (San Fernando)
053055,SAN GABRIEL HIGH SCHOOL,San Gabriel,Los Angeles,19757131937697,1975713,Alhambra Unified,0,97.82484253036083,2.0,95.4375,538.8571428571429,5,4,4.0,,San Gabriel High (San Gabriel)
053158,SAN MARINO HIGH SCHOOL,San Marino,Los Angeles,19649641937754,1964964,San Marino Unified,0,99.38497838197202,2.0,140.5,271.875,5,4,4.0,,San Marino High (San Marino)
053195,SAN PEDRO HIGH SCHOOL,San Pedro,Los Angeles,19647331937838,1964733,Los Angeles Unified,0,85.08443272226307,1.0,44.5,538.25,5,4,4.0,,San Pedro High (San Pedro)
053300,SANTA FE HIGH SCHOOL,Santa Fe Springs,Los Angeles,19651281937903,1965128,Whittier Union High,0,88.3264726659715,1.0,42.75,505.125,5,4,4.0,,Santa Fe High (Santa Fe Springs)
053320,SANTA MONICA HIGH SCHOOL,Santa Monica,Los Angeles,19649801938000,1964980,Santa Monica-Malibu Unified,0,106.35206349023076,2.0,176.5,713.3125,5,4,5.0,,Santa Monica High (Santa Monica)
053974,SANTEE EDUCATION COMPLEX,Los Angeles,Los Angeles,19647330109447,1964733,Los Angeles Unified,0,99.04995189416476,0.0,29.27777777777778,423.22222222222223,5,4,4.0,,Santee Education Complex (Los Angeles)
054837,SATO ACADEMY OF MATH & SCIENCE,Long Beach,Los Angeles,19647250132324,1964725,Long Beach Unified,0,80.01593744034969,2.0,34.42857142857143,102.57142857142857,5,4,4.0,,Sato Academy Of Math & Science (Long Beach)
053336,SAUGUS HIGH SCHOOL,Santa Clarita,Los Angeles,19651361931740,1965136,William S. Hart Union High,0,130.81421941516243,2.0,50.21875,545.875,5,4,5.0,,Saugus High (Santa Clarita)
054695,SCH SOCIAL JUSTICE-CONT LEARN CTR,Los Angeles,Los Angeles,19647330127795,1964733,Los Angeles Unified,0,100.63966965969604,0.0,13.272727272727273,94.81818181818181,5,4,5.0,,Sch Social Justice-Cont Learn Ctr (Los Angeles)
054545,SCHOOL HISTORY & DRAMATIC ARTS,Los Angeles,Los Angeles,19647330124420,1964733,Los Angeles Unified,0,119.95940685318193,0.0,9.666666666666666,88.0,5,4,5.0,,School History & Dramatic Arts (Los Angeles)
053993,SCHOOL OF ARTS AND ENTERPRISE,Pomona,Los Angeles,19649071996693,1964907,Pomona Unified,0,86.80402824568168,,7.2,83.33333333333333,5,4,4.0,,School Of Arts And Enterprise (Pomona)
054435,SCHOOL SCI TEC ENG MATH AT RHS,Los Angeles,Los Angeles,19647330122309,1964733,Los Angeles Unified,0,,,5.0,131.0,5,4,,,School Sci Tec Eng Math At Rhs (Los Angeles)
054243,SCHOOL VISUAL ARTS AND HUMANITIES,Los Angeles,Los Angeles,19647330117762,1964733,Los Angeles Unified,0,101.90823484129827,0.0,12.384615384615385,87.76923076923077,5,4,5.0,,School Visual Arts And Humanities (Los Angeles)
052037,SCHURR HIGH SCHOOL,Montebello,Los Angeles,19648081930155,1964808,Montebello Unified,0,94.60508432239287,1.0,60.40625,647.25,5,4,4.0,,Schurr High (Montebello)
051786,SCIENCE ACADEMY STEM MAGNET,North Hollywood,Los Angeles,19647330133736,1964733,Los Angeles Unified,0,110.64822574903134,,33.25,38.0,5,4,5.0,,Science Academy Stem Magnet (North Hollywood)
050514,SCVI ILEAD'S FOUNDING SCHOOL,Castaic,Los Angeles,19651360117234,1965136,William S. Hart Union High,0,134.89543798241436,,7.6,56.2,5,4,5.0,,Scvi Ilead'S Founding School (Castaic)
052617,SHERMAN OAKS CTR ENRCHED STDS,Tarzana,Los Angeles,19647331933233,1964733,Los Angeles Unified,0,117.28160111104576,2.0,46.75,199.0,5,4,5.0,,Sherman Oaks Ctr Enrched Stds (Tarzana)
050228,SIERRA VISTA HIGH SCHOOL,Baldwin Park,Los Angeles,19642871938166,1964287,Baldwin Park Unified,0,93.2013207496441,1.0,33.53125,399.4375,5,4,4.0,,Sierra Vista High (Baldwin Park)
051869,SOAR HIGH SCHOOL,Lancaster,Los Angeles,19642460111872,1964246,Antelope Valley Union High,0,135.49692479594788,2.0,35.93333333333333,89.46666666666667,5,4,5.0,,Soar High (Lancaster)
054542,SOCIAL JUSTICE HUMANITAS ACAD,San Fernando,Los Angeles,19647330124388,1964733,Los Angeles Unified,0,118.88898661784086,1.0,21.928571428571427,104.21428571428571,5,4,5.0,,Social Justice Humanitas Acad (San Fernando)
052355,SONIA SOTOMAYOR ARTS & SCIENCE ACAD,Los Angeles,Los Angeles,19647330124412,1964733,Los Angeles Unified,0,119.95940685318193,0.0,9.666666666666666,84.66666666666667,5,4,5.0,,Sonia Sotomayor Arts & Science Acad (Los Angeles)
053980,SOUTH EAST HIGH SCHOOL,South Gate,Los Angeles,19647330109454,1964733,Los Angeles Unified,0,93.16565352985401,1.0,43.31578947368421,451.6842105263158,5,4,4.0,,South East High (South Gate)
053404,SOUTH EL MONTE HIGH SCHOOL,South El Monte,Los Angeles,19645191995661,1964519,El Monte Union High,0,92.49491779884114,1.0,22.466666666666665,306.53333333333336,5,4,4.0,,South El Monte High (South El Monte)
053400,SOUTH GATE HIGH SCHOOL,South Gate,Los Angeles,19647331938307,1964733,Los Angeles Unified,0,93.15866057832679,0.0,36.0,636.96875,5,4,4.0,,South Gate High (South Gate)
053522,SOUTH HIGH SCHOOL,Torrance,Los Angeles,19650601938356,1965060,Torrance Unified,0,91.64195242177841,2.0,113.75,472.0,5,4,4.0,,South High (Torrance)
050704,SOUTH HILLS HIGH SCHOOL,West Covina,Los Angeles,19644361938372,1964436,Covina-Valley Unified,0,89.81768680458354,1.0,51.4375,399.96875,5,4,4.0,,South Hills High (West Covina)
054994,SOUTH LA COLLEGE PREP,Los Angeles,Los Angeles,19647330140129,1964733,Los Angeles Unified,0,95.80068549390502,,22.5,104.0,5,4,4.0,,South La College Prep (Los Angeles)
053410,SOUTH PASADENA HIGH SCHOOL,South Pasadena,Los Angeles,19650291938455,1965029,South Pasadena Unified,0,100.12693181323374,2.0,110.09375,349.15625,5,4,5.0,,South Pasadena High (South Pasadena)
054402,SOUTHEAST ACADEMY HIGH SCHOOL,Norwalk,Los Angeles,,,,0,,,5.0,,5,4,,,Southeast Academy High (Norwalk)
054649,STEAM AT LEGACY HIGH SCHOOL COMPLEX,South Gate,Los Angeles,19647330126540,1964733,Los Angeles Unified,0,91.3596330547674,1.0,13.3,123.7,5,4,4.0,,Steam At Legacy High Complex (South Gate)
054207,STELLA HIGH CHARTER ACADEMY,Los Angeles,Los Angeles,19647330112508,1964733,Los Angeles Unified,0,95.25766314369555,1.0,14.266666666666667,99.8,5,4,4.0,,Stella High Charter Academy (Los Angeles)
054624,STEM ACADEMY OF HOLLYWOOD,Hollywood,Los Angeles,19647330125989,1964733,Los Angeles Unified,0,104.49524369103736,1.0,21.727272727272727,128.45454545454547,5,4,5.0,,Stem Academy Of Hollywood (Hollywood)
051708,STUDENT EMPOWERMENT ACADEMY,Los Angeles,Los Angeles,19647330112862,1964733,Los Angeles Unified,0,97.6109181424855,,7.0,58.5,5,4,4.0,,Student Empowerment Academy (Los Angeles)
054363,SUN VALLEY HIGH SCHOOL,Sun Valley,Los Angeles,19647330119651,1964733,Los Angeles Unified,0,115.1471325928021,0.0,6.666666666666667,119.0,5,4,5.0,,Sun Valley High (Sun Valley)
054787,SUN VALLEY MAGNET SCHOOL,Sun Valley,Los Angeles,19647336061600,1964733,Los Angeles Unified,0,112.69778542667378,1.0,11.375,76.625,5,4,5.0,,Sun Valley Magnet School (Sun Valley)
051795,SUSAN MILLER DORSEY HIGH SCHL,Los Angeles,Los Angeles,19647331932383,1964733,Los Angeles Unified,0,101.71370294923028,0.0,12.166666666666666,285.4,5,4,5.0,,Susan Miller Dorsey High Schl (Los Angeles)
054840,SYLMAR BIOTECH HEALTH & ENG MAGNET,Sylmar,Los Angeles,19647330130997,1964733,Los Angeles Unified,0,120.6861715869587,,8.25,45.5,5,4,5.0,,Sylmar Biotech Health & Eng Magnet (Sylmar)
052908,SYLMAR HIGH SCHOOL,Sylmar,Los Angeles,19647331938554,1964733,Los Angeles Unified,0,120.67958199151649,0.0,32.43333333333333,491.1666666666667,5,4,5.0,,Sylmar High (Sylmar)
054531,SYNERGY QUANTUM ACADEMY,Los Angeles,Los Angeles,19647330124560,1964733,Los Angeles Unified,0,97.4389227809216,0.0,16.333333333333332,117.66666666666667,5,4,4.0,,Synergy Quantum Academy (Los Angeles)
054770,TEACH TECH CHARTER HIGH SCHOOL,Los Angeles,Los Angeles,19647330129627,1964733,Los Angeles Unified,0,95.91390710959901,0.0,11.142857142857142,77.57142857142857,5,4,4.0,,Teach Tech Charter High (Los Angeles)
053495,TEMPLE CITY HIGH SCHOOL,Temple City,Los Angeles,19650521938679,1965052,Temple City Unified,0,97.96495504020966,2.0,144.6875,459.375,5,4,4.0,,Temple City High (Temple City)
051805,THEODORE ROOSEVELT SENIOR HIGH,Los Angeles,Los Angeles,19647331937424,1964733,Los Angeles Unified,0,97.88210188735613,0.0,31.3,569.0,5,4,4.0,,Theodore Roosevelt Senior High (Los Angeles)
051815,THOMAS JEFFERSON HIGH SCHOOL,Los Angeles,Los Angeles,19647331934371,1964733,Los Angeles Unified,0,97.6109181424855,0.0,10.807692307692308,319.38461538461536,5,4,4.0,,Thomas Jefferson High (Los Angeles)
053523,TORRANCE HIGH SCHOOL,Torrance,Los Angeles,19650601938752,1965060,Torrance Unified,0,90.8612398522526,2.0,73.53125,464.09375,5,4,4.0,,Torrance High (Torrance)
054450,TORRES HIGH SCH RENAISSANCE ACADEMY,Los Angeles,Los Angeles,19647330122374,1964733,Los Angeles Unified,0,96.87521813161122,0.0,7.636363636363637,82.0909090909091,5,4,4.0,,Torres High Sch Renaissance Academy (Los Angeles)
054444,TORRES HS - SOCIAL JUSTICE LEADRSHP,Los Angeles,Los Angeles,19647330122366,1964733,Los Angeles Unified,0,96.87521813161122,0.0,8.545454545454545,73.63636363636364,5,4,4.0,,Torres Hs - Social Justice Leadrshp (Los Angeles)
054441,TORRES HS ENGINEERING & TECHNICAL,Los Angeles,Los Angeles,19647330122382,1964733,Los Angeles Unified,0,96.87521813161122,0.0,8.25,79.75,5,4,4.0,,Torres Hs Engineering & Technical (Los Angeles)
054452,TORRES HS PERFORMING ARTS ACADEMY,Los Angeles,Los Angeles,19647330122341,1964733,Los Angeles Unified,0,96.87521813161122,0.0,9.25,101.91666666666667,5,4,4.0,,Torres Hs Performing Arts Academy (Los Angeles)
054451,TORRES HS-HUMANITAS ACAD ART &TECH,Los Angeles,Los Angeles,19647330122358,1964733,Los Angeles Unified,0,96.87521813161122,0.0,9.666666666666666,85.33333333333333,5,4,4.0,,Torres Hs-Humanitas Acad Art &Tech (Los Angeles)
050519,TRACY HIGH SCHOOL,Cerritos,Los Angeles,19642121931641,1964212,ABC Unified,0,84.26569634859509,,5.0,242.0,5,4,4.0,,Tracy High (Cerritos)
051662,UCLA COMMUNITY SCHOOL,Los Angeles,Los Angeles,19647330119693,1964733,Los Angeles Unified,0,102.0180154821465,1.0,18.071428571428573,97.85714285714286,5,4,5.0,,Ucla Community School (Los Angeles)
053633,ULYSSES S GRANT HIGH SCHOOL,Van Nuys,Los Angeles,19647331933795,1964733,Los Angeles Unified,0,112.6569752117512,0.0,41.3125,486.46875,5,4,5.0,,Ulysses S Grant High (Van Nuys)
051686,UNIV PATHWAYS MEDICAL MAGNET ACADMY,Los Angeles,Los Angeles,19647330137083,1964733,Los Angeles Unified,0,94.12493655332351,,6.0,33.0,5,4,4.0,,Univ Pathways Medical Magnet Acadmy (Los Angeles)
051825,UNIVERSITY HIGH SCHOOL,Los Angeles,Los Angeles,19647331938885,1964733,Los Angeles Unified,0,107.19449007881515,1.0,66.6875,423.4375,5,4,5.0,,University High (Los Angeles)
052961,UNIVERSITY PATHWAYS PUBLIC SVC ACAD,Los Angeles,Los Angeles,19647330137091,1964733,Los Angeles Unified,0,94.89553806343476,,8.333333333333334,56.0,5,4,4.0,,University Pathways Public Svc Acad (Los Angeles)
054891,UNIVERSITY PREP VALUE HS,Los Angeles,Los Angeles,19647330132027,1964733,Los Angeles Unified,0,100.69494458965525,1.0,27.142857142857142,113.28571428571429,5,4,5.0,,University Prep Value Hs (Los Angeles)
054673,USC HYBRID HIGH COLLEGE PREP,Los Angeles,Los Angeles,19647330125864,1964733,Los Angeles Unified,0,99.27029522116287,1.0,21.0,119.1,5,4,4.0,,Usc Hybrid High College Prep (Los Angeles)
051652,USC MEDIA & ENGINEERING MAGNET SCH,Los Angeles,Los Angeles,19647336019475,1964733,Los Angeles Unified,0,99.57863195234589,1.0,11.44,65.64,5,4,4.0,,Usc Media & Engineering Magnet Sch (Los Angeles)
053608,VALENCIA HIGH SCHOOL,Valencia,Los Angeles,19651361995802,1965136,William S. Hart Union High,0,132.18589023251502,2.0,90.3103448275862,664.1379310344828,5,4,5.0,,Valencia High (Valencia)
054548,VALLEY ACADEMY ARTS & SCIENCES,Granada Hills,Los Angeles,19647330124362,1964733,Los Angeles Unified,0,120.14937133381845,1.0,24.384615384615383,243.53846153846155,5,4,5.0,,Valley Academy Arts & Sciences (Granada Hills)
051629,VALLEY INTERNATIONAL PREP HS,Northridge,Los Angeles,19647330137612,1964733,Los Angeles Unified,0,119.46009181359287,,9.428571428571429,67.71428571428571,5,4,5.0,,Valley International Prep Hs (Northridge)
053225,VALLEY OAKS CTR ENRICHED STDS,Sun Valley,Los Angeles,19647330140046,1964733,Los Angeles Unified,0,115.15648693030056,,6.75,57.25,5,4,5.0,,Valley Oaks Ctr Enriched Stds (Sun Valley)
054728,VALOR ACADEMY HIGH SCHOOL,North Hills,Los Angeles,19647330127894,1964733,Los Angeles Unified,0,117.51218192468029,0.0,18.333333333333332,115.22222222222223,5,4,5.0,,Valor Academy High (North Hills)
053635,VAN NUYS HIGH SCHOOL,Van Nuys,Los Angeles,19647331938968,1964733,Los Angeles Unified,0,114.52197439385208,1.0,115.59375,589.40625,5,4,5.0,,Van Nuys High (Van Nuys)
050008,VASQUEZ HIGH SCHOOL,Acton,Los Angeles,19753091995786,1975309,Acton-Agua Dulce Unified,0,124.96574087762758,0.0,6.666666666666667,115.93333333333334,5,4,5.0,,Vasquez High (Acton)
054015,VAUGHN NEXT CENTURY LEARN CTR,San Fernando,Los Angeles,19647336019715,1964733,Los Angeles Unified,0,118.40141240381587,1.0,18.941176470588236,134.8235294117647,5,4,5.0,,Vaughn Next Century Learn Ctr (San Fernando)
051828,VENICE HIGH SCHOOL,Los Angeles,Los Angeles,19647331939040,1964733,Los Angeles Unified,0,104.07953376659256,1.0,65.59375,430.9375,5,4,5.0,,Venice High (Los Angeles)
053545,VERDUGO HILLS HIGH SCHOOL,Tujunga,Los Angeles,19647331939107,1964733,Los Angeles Unified,0,113.42821324996727,1.0,29.6875,333.34375,5,4,5.0,,Verdugo Hills High (Tujunga)
052537,VILLAGE ACADEMY HIGH SCHOOL,Pomona,Los Angeles,19649071996495,1964907,Pomona Unified,0,86.45325871547969,2.0,9.8125,92.5625,5,4,4.0,,Village Academy High (Pomona)
051728,WALLIS ANNENBERG HIGH SCHOOL,Los Angeles,Los Angeles,19647330100750,1964733,Los Angeles Unified,0,98.45702393218363,1.0,15.6875,98.4375,5,4,4.0,,Wallis Annenberg High (Los Angeles)
053676,WALNUT HIGH SCHOOL,Walnut,Los Angeles,19734601939149,1973460,Walnut Valley Unified,0,86.50719706372078,2.0,212.75,622.34375,5,4,4.0,,Walnut High (Walnut)
050771,WARREN HIGH SCHOOL,Downey,Los Angeles,19644511939164,1964451,Downey Unified,0,89.69865700260299,1.0,61.78125,740.46875,5,4,4.0,,Warren High (Downey)
054225,WEST ADAMS PREPARATORY HS,Los Angeles,Los Angeles,19647330114850,1964733,Los Angeles Unified,0,100.62614022629349,0.0,26.0,341.4117647058824,5,4,5.0,,West Adams Preparatory Hs (Los Angeles)
053738,WEST COVINA HIGH SCHOOL,West Covina,Los Angeles,19650941939537,1965094,West Covina Unified,0,90.52114033117084,1.0,48.125,545.3125,5,4,4.0,,West Covina High (West Covina)
053521,WEST HIGH SCHOOL,Torrance,Los Angeles,19650601939602,1965060,Torrance Unified,0,93.43979172979431,2.0,121.84375,476.9375,5,4,4.0,,West High (Torrance)
053864,WEST RANCH HIGH SCHOOL,Valencia,Los Angeles,19651360102475,1965136,William S. Hart Union High,0,131.215085082351,2.0,137.05555555555554,591.3888888888889,5,4,5.0,,West Ranch High (Valencia)
051687,WESTBROOK ACADEMY,South Gate,Los Angeles,19101990135582,1910199,Los Angeles County Office of Education,0,93.95515589561523,,5.0,51.0,5,4,4.0,,Westbrook Academy (South Gate)
051830,WESTCHESTER ENRICHED SCIENCE MAGNET,Los Angeles,Los Angeles,19647331939479,1964733,Los Angeles Unified,0,101.45242527764616,0.0,32.59375,294.59375,5,4,5.0,,Westchester Enriched Science Magnet (Los Angeles)
053765,WHITTIER HIGH SCHOOL,Whittier,Los Angeles,19651281939701,1965128,Whittier Union High,0,89.1940466601543,1.0,31.64516129032258,410.2903225806452,5,4,4.0,,Whittier High (Whittier)
053806,WILLIAM HOWARD TAFT HS,Woodland Hills,Los Angeles,19647331938612,1964733,Los Angeles Unified,0,117.75403388550868,1.0,91.9375,533.125,5,4,5.0,,William Howard Taft Hs (Woodland Hills)
052491,WILLIAM J PETE KNIGHT HIGH SCH,Palmdale,Los Angeles,19642460100081,1964246,Antelope Valley Union High,0,124.40035731953093,0.0,48.526315789473685,724.3157894736842,5,4,5.0,,William J Pete Knight High Sch (Palmdale)
052120,WILLIAM S HART HIGH SCHOOL,Newhall,Los Angeles,19651361933902,1965136,William S. Hart Union High,0,128.1308762082255,2.0,65.125,538.90625,5,4,5.0,,William S Hart High (Newhall)
050583,WILLIAM WORKMAN HIGH SCHOOL,City Of Industry,Los Angeles,19734451939925,1973445,Hacienda la Puente Unified,0,89.11336888415097,0.0,15.535714285714286,264.39285714285717,5,4,4.0,,William Workman High (City Of Industry)
051705,WISH ACADEMY HIGH SCHOOL,Los Angeles,Los Angeles,19647330135632,1964733,Los Angeles Unified,0,101.45147203625137,,14.4,58.4,5,4,5.0,,Wish Academy High (Los Angeles)
051505,WOODROW WILSON HIGH SCHOOL,Long Beach,Los Angeles,19647251939875,1964725,Long Beach Unified,0,81.24836127855671,1.0,81.9375,859.53125,5,4,4.0,,Woodrow Wilson High (Long Beach)
051840,WOODROW WILSON HIGH SCHOOL,Los Angeles,Los Angeles,19647331939859,1964733,Los Angeles Unified,0,98.88841931127696,0.0,38.3125,394.5,5,4,4.0,,Woodrow Wilson High (Los Angeles)
050570,CHOWCHILLA UNION HIGH SCHOOL,Chowchilla,Madera,20652012032357,2065201,Chowchilla Union High,0,339.1554711507851,0.0,9.8,235.3,5,5,5.0,,Chowchilla Union High (Chowchilla)
051881,LIBERTY HIGH SCHOOL,Madera,Madera,20755802030203,2075580,Golden Valley Unified,0,317.5752836702125,,7.0,139.15384615384616,5,5,5.0,,Liberty High (Madera)
051890,MADERA HIGH SCHOOL,Madera,Madera,20652432035707,2065243,Madera Unified,0,324.07362776964203,0.0,18.8125,586.5,5,5,5.0,,Madera High (Madera)
051874,MADERA SOUTH HIGH SCHOOL,Madera,Madera,20652430110965,2065243,Madera Unified,0,322.8625769983346,0.0,20.58823529411765,566.0588235294117,5,5,5.0,,Madera South High (Madera)
053170,MATILDA TORRES HIGH SCHOOL,Madera,Madera,20652430139691,2065243,Madera Unified,0,326.4091071770666,,30.666666666666668,451.0,5,5,5.0,,Matilda Torres High (Madera)
054625,MINARETS CHARTER HIGH SCHOOL,Oneals,Madera,20756060125021,2075606,Chawanakee Unified,0,324.8416097089176,0.0,5.0,82.0,5,5,5.0,,Minarets Charter High (Oneals)
052176,YOSEMITE HIGH SCHOOL,Oakhurst,Madera,20764142030013,2076414,Yosemite Unified,0,335.8741713350086,1.0,11.296296296296296,176.21052631578948,5,5,5.0,,Yosemite High (Oakhurst)
052770,ARCHIE WILLIAMS HIGH SCHOOL,San Anselmo,Marin,21654822131340,2165482,Tamalpais Union High,0,463.14962840985174,2.0,41.125,242.0625,5,5,5.0,,Archie Williams High (San Anselmo)
052170,NOVATO HIGH SCHOOL,Novato,Marin,21654172132272,2165417,Novato Unified,0,468.6755153943157,2.0,39.09375,284.75,5,5,5.0,,Novato High (Novato)
051361,REDWOOD HIGH SCHOOL,Larkspur,Marin,21654822132587,2165482,Tamalpais Union High,0,459.3551066667415,2.0,105.5,357.65625,5,5,5.0,,Redwood High (Larkspur)
052172,SAN MARIN HIGH SCHOOL,Novato,Marin,21654172133056,2165417,Novato Unified,0,471.46859812429244,1.0,34.46875,239.0625,5,5,5.0,,San Marin High (Novato)
053222,SAN RAFAEL HIGH SCHOOL,San Rafael,Marin,21654662133262,2165466,San Rafael City High,0,460.32887576932836,1.0,27.15625,240.03125,5,5,5.0,,San Rafael High (San Rafael)
051975,TAMALPAIS HIGH SCHOOL,Mill Valley,Marin,21654822133692,2165482,Tamalpais Union High,0,456.75733877259296,2.0,77.1875,283.59375,5,5,5.0,,Tamalpais High (Mill Valley)
051396,TAMISCAL HIGH SCHOOL,Larkspur,Marin,21654822130078,2165482,Tamalpais Union High,0,459.2978012342294,2.0,10.428571428571429,55.714285714285715,5,5,5.0,,Tamiscal High (Larkspur)
053231,TERRA LINDA HIGH SCHOOL,San Rafael,Marin,21654662134005,2165466,San Rafael City High,0,463.1667127822503,1.0,40.3125,253.5625,5,5,5.0,,Terra Linda High (San Rafael)
053510,TOMALES HIGH SCHOOL,Tomales,Marin,21733612134310,2173361,Shoreline Unified,0,488.4145309659538,,5.0,41.75,5,5,5.0,,Tomales High (Tomales)
051910,MARIPOSA COUNTY HIGH SCHOOL,Mariposa,Mariposa,22655322235356,2265532,Mariposa County Unified,0,353.7740446198359,1.0,7.7368421052631575,131.05263157894737,5,5,5.0,,Mariposa County High (Mariposa)
050355,ANDERSON VALLEY JR SR HIGH SCHOOL,Boonville,Mendocino,23655402330900,2365540,Anderson Valley Unified,0,545.1953680146987,,6.0,40.5,5,5,5.0,,Anderson Valley Jr Sr High (Boonville)
050955,FORT BRAGG HIGH SCHOOL,Fort Bragg,Mendocino,23655652331361,2365565,Fort Bragg Unified,0,582.0694417472093,1.0,10.0,131.58333333333334,5,5,5.0,,Fort Bragg High (Fort Bragg)
051380,LAYTONVILLE HIGH SCHOOL,Laytonville,Mendocino,23739162332260,2373916,Laytonville Unified,0,585.1003097137293,,7.0,26.0,5,5,5.0,,Laytonville High (Laytonville)
051950,MENDOCINO HIGH SCHOOL,Mendocino,Mendocino,23655812333185,2365581,Mendocino Unified,0,575.5140458999695,2.0,7.9375,50.25,5,5,5.0,,Mendocino High (Mendocino)
052500,POINT ARENA HIGH SCHOOL,Point Arena,Mendocino,23655992333649,2365599,Point Arena Joint Union High,0,551.4697368396329,,6.0,40.0,5,5,5.0,,Point Arena High (Point Arena)
052530,POTTER VALLEY HIGH SCHOOL,Potter Valley,Mendocino,23738662330041,2373866,Potter Valley Community Unified,0,553.0615217670811,,5.0,23.0,5,5,5.0,,Potter Valley High (Potter Valley)
053837,REDWOOD COLLEGIATE ACADEMY,Ukiah,Mendocino,23656152330413,2365615,Ukiah Unified,0,547.4870764524826,2.0,5.0,19.0,5,5,5.0,,Redwood Collegiate Academy (Ukiah)
053580,UKIAH HIGH SCHOOL,Ukiah,Mendocino,23656152335024,2365615,Ukiah Unified,0,548.9197669879974,1.0,20.548387096774192,375.96774193548384,5,5,5.0,,Ukiah High (Ukiah)
053775,WILLITS HIGH SCHOOL,Willits,Mendocino,23656232335487,2365623,Willits Unified,0,565.9041034138097,0.0,6.3076923076923075,107.15384615384616,5,5,5.0,,Willits High (Willits)
050172,ATWATER HIGH SCHOOL,Atwater,Merced,24657892430601,2465789,Merced Union High,0,363.97293776143647,0.0,14.290322580645162,461.5806451612903,5,5,5.0,,Atwater High (Atwater)
050181,BUHACH COLONY HIGH SCHOOL,Atwater,Merced,24657892430205,2465789,Merced Union High,0,359.87489341116867,1.0,19.80952380952381,413.95238095238096,5,5,5.0,,Buhach Colony High (Atwater)
052017,DELHI HIGH SCHOOL,Delhi,Merced,24753662430114,2475366,Delhi Unified,0,372.92232682480767,0.0,14.428571428571429,171.57142857142858,5,5,5.0,,Delhi High (Delhi)
050765,DOS PALOS HIGH SCHOOL,Dos Palos,Merced,24753172431203,2475317,Dos Palos Oro Loma Joint Unified,0,342.54005693632655,0.0,5.857142857142857,153.28571428571428,5,5,5.0,,Dos Palos High (Dos Palos)
054697,EL CAPITAN HIGH SCHOOL,Merced,Merced,24657890127373,2465789,Merced Union High,0,359.65538267618166,1.0,34.2,398.0,5,5,5.0,,El Capitan High (Merced)
051953,GOLDEN VALLEY HIGH SCHOOL,Merced,Merced,24657892430098,2465789,Merced Union High,0,354.6033988333326,0.0,19.6,454.93333333333334,5,5,5.0,,Golden Valley High (Merced)
051115,GUSTINE HIGH SCHOOL,Gustine,Merced,24736192431807,2473619,Gustine Unified,0,369.989990227217,1.0,6.5,119.25,5,5,5.0,,Gustine High (Gustine)
051175,HILMAR HIGH SCHOOL,Hilmar,Merced,24656982432409,2465698,Hilmar Unified,0,373.33176191630787,,6.571428571428571,162.28571428571428,5,5,5.0,,Hilmar High (Hilmar)
051395,LE GRAND UNION HIGH SCHOOL,Le Grand,Merced,24657302433001,2465730,Le Grand Union High,0,345.5028976660183,1.0,9.333333333333334,107.77777777777777,5,5,5.0,,Le Grand Union High (Le Grand)
051430,LIVINGSTON HIGH SCHOOL,Livingston,Merced,24657892433605,2465789,Merced Union High,0,367.87698712300295,1.0,10.142857142857142,264.9047619047619,5,5,5.0,,Livingston High (Livingston)
051845,LOS BANOS HIGH SCHOOL,Los Banos,Merced,24657552434207,2465755,Los Banos Unified,0,352.9056995693792,0.0,12.538461538461538,354.61538461538464,5,5,5.0,,Los Banos High (Los Banos)
051963,MERCED HIGH SCHOOL,Merced,Merced,24657892435204,2465789,Merced Union High,0,357.13726441759735,1.0,18.93548387096774,532.4193548387096,5,5,5.0,,Merced High (Merced)
054394,PACHECO HIGH SCHOOL,Los Banos,Merced,24657550120923,2465755,Los Banos Unified,0,353.32308598328194,0.0,17.083333333333332,375.1666666666667,5,5,5.0,,Pacheco High (Los Banos)
051892,MAMMOTH HIGH SCHOOL,Mammoth Lakes,Mono,26736922630010,2673692,Mammoth Unified,0,343.0559563922356,1.0,9.035714285714286,71.89285714285714,5,5,5.0,,Mammoth High (Mammoth Lakes)
052742,ALISAL HIGH SCHOOL,Salinas,Monterey,27661592730109,2766159,Salinas Union High,0,361.080136077075,0.0,25.5,510.90625,5,5,5.0,,Alisal High (Salinas)
050475,CARMEL HIGH SCHOOL,Carmel,Monterey,27659872730414,2765987,Carmel Unified,0,367.27036357385225,2.0,29.8125,181.59375,5,5,5.0,,Carmel High (Carmel)
052778,EVERETT ALVAREZ HIGH SCHOOL,Salinas,Monterey,27661592730166,2766159,Salinas Union High,0,363.1401783834874,1.0,22.428571428571427,468.0357142857143,5,5,5.0,,Everett Alvarez High (Salinas)
051085,GONZALES HIGH SCHOOL,Gonzales,Monterey,27754732730885,2775473,Gonzales Unified,0,346.4026472165995,0.0,9.0,191.88235294117646,5,5,5.0,,Gonzales High (Gonzales)
051113,GREENFIELD HIGH SCHOOL,Greenfield,Monterey,27660682730174,2766068,South Monterey County Joint Union High,0,328.8409750862365,0.0,10.071428571428571,247.28571428571428,5,5,5.0,,Greenfield High (Greenfield)
051305,KING CITY JOINT UNION HS,King City,Monterey,27660682732170,2766068,South Monterey County Joint Union High,0,319.52472242813815,1.0,8.0,240.20833333333334,5,5,5.0,,King City Joint Union Hs (King City)
051938,MARINA HIGH SCHOOL,Marina,Monterey,27660920111435,2766092,Monterey Peninsula Unified,0,368.35015357771726,1.0,8.928571428571429,135.78571428571428,5,5,5.0,,Marina High (Marina)
052050,MONTEREY HIGH SCHOOL,Monterey,Monterey,27660922732808,2766092,Monterey Peninsula Unified,0,368.9454200964762,1.0,32.03125,317.28125,5,5,5.0,,Monterey High (Monterey)
050489,NORTH MONTEREY COUNTY HIGH SCH,Castroville,Monterey,27738252730034,2773825,North Monterey County Unified,0,371.14628540320194,0.0,15.4,300.56666666666666,5,5,5.0,,North Monterey County High Sch (Castroville)
052746,NORTH SALINAS HIGH SCHOOL,Salinas,Monterey,27661592733178,2766159,Salinas Union High,0,363.91817876618904,0.0,15.23076923076923,441.1923076923077,5,5,5.0,,North Salinas High (Salinas)
052310,PACIFIC GROVE HIGH SCHOOL,Pacific Grove,Monterey,27661342733657,2766134,Pacific Grove Unified,0,370.43590037103183,2.0,18.71875,138.78125,5,5,5.0,,Pacific Grove High (Pacific Grove)
053630,RANCHO SAN JUAN HIGH SCHOOL,Salinas,Monterey,27661590136697,2766159,Salinas Union High,0,364.4333632637389,,48.5,379.25,5,5,5.0,,Rancho San Juan High (Salinas)
052755,SALINAS HIGH SCHOOL,Salinas,Monterey,27661592734556,2766159,Salinas Union High,0,362.47324462375434,1.0,30.28125,515.3125,5,5,5.0,,Salinas High (Salinas)
052048,SEASIDE HIGH SCHOOL,Seaside,Monterey,27660922735348,2766092,Monterey Peninsula Unified,0,367.5284766504568,1.0,14.3125,263.96875,5,5,5.0,,Seaside High (Seaside)
053557,SOLEDAD HIGH SCHOOL,Soledad,Monterey,27754402730190,2775440,Soledad Unified,0,338.2710315052738,0.0,14.095238095238095,285.04761904761904,5,5,5.0,,Soledad High (Soledad)
054406,AMERICAN CANYON HIGH SCHOOL,American Canyon,Napa,28662660121087,2866266,Napa Valley Unified,0,460.98708848233514,1.0,38.30769230769231,384.2307692307692,5,5,5.0,,American Canyon High (American Canyon)
050435,CALISTOGA JUNIOR SENIOR HIGH SCHOOL,Calistoga,Napa,28662412831758,2866241,Calistoga Joint Unified,0,495.03170708542507,1.0,8.0,56.55555555555556,5,5,5.0,,Calistoga Junior Senior High (Calistoga)
052085,NAPA HIGH SCHOOL,Napa,Napa,28662662835601,2866266,Napa Valley Unified,0,470.5556578273536,1.0,32.0,457.75,5,5,5.0,,Napa High (Napa)
052102,NEW TECHNOLOGY HIGH SCHOOL,Napa,Napa,28662662830115,2866266,Napa Valley Unified,0,470.05845768411336,1.0,7.4,89.5,5,5,5.0,,New Technology High (Napa)
052740,SAINT HELENA HIGH SCHOOL,Saint Helena,Napa,28662902837102,2866290,Saint Helena Unified,0,486.3645749365956,2.0,10.866666666666667,119.83333333333333,5,5,5.0,,Saint Helena High (Saint Helena)
052088,VINTAGE HIGH SCHOOL,Napa,Napa,28662662830016,2866266,Napa Valley Unified,0,472.22953717835725,1.0,34.03125,452.75,5,5,5.0,,Vintage High (Napa)
051092,BEAR RIVER HIGH SCHOOL,Grass Valley,Nevada,29663572930048,2966357,Nevada Joint Union High,0,476.7489046615226,2.0,10.903225806451612,209.3548387096774,5,5,5.0,,Bear River High (Grass Valley)
052226,FOREST CHARTER SCHOOL,Nevada City,Nevada,29102980126219,2910298,Nevada County Office of Education,0,488.5879570941485,0.0,7.0,85.8,5,5,5.0,,Forest Charter School (Nevada City)
051538,GHIDOTTI EARLY COLLEGE HIGH SCHOOL,Grass Valley,Nevada,29663570112367,2966357,Nevada Joint Union High,0,487.90180690560845,2.0,9.333333333333334,37.166666666666664,5,5,5.0,,Ghidotti Early College High (Grass Valley)
051095,NEVADA UNION HIGH SCHOOL,Grass Valley,Nevada,29663572935500,2966357,Nevada Joint Union High,0,488.404943195454,1.0,27.21875,474.8125,5,5,5.0,,Nevada Union High (Grass Valley)
054790,SIERRA ACADEMY EXPEDITION LRNG,Nevada City,Nevada,29663570124834,2966357,Nevada Joint Union High,0,489.06614782430114,,5.0,43.0,5,5,5.0,,Sierra Academy Expedition Lrng (Nevada City)
051005,ADVANCED LEARNING ACADEMY,Santa Ana,Orange,30666700135897,3066670,Santa Ana Unified,0,71.18483086604506,,8.0,31.333333333333332,5,2,4.0,,Advanced Learning Academy (Santa Ana)
050063,ALISO NIGUEL HIGH SCHOOL,Aliso Viejo,Orange,30664643030574,3066464,Capistrano Unified,0,54.844530308129414,,31.6,574.2,5,2,3.0,,Aliso Niguel High (Aliso Viejo)
051324,ALISO NIGUEL HIGH SCHOOL,Aliso Viejo,Orange,30664643030574,3066464,Capistrano Unified,0,54.844530308129414,2.0,125.03225806451613,680.1290322580645,5,2,3.0,,Aliso Niguel High (Aliso Viejo)
050090,ANAHEIM HIGH SCHOOL,Anaheim,Orange,30664313030228,3066431,Anaheim Union High,0,76.95490415001326,0.0,30.821428571428573,610.9642857142857,5,2,4.0,,Anaheim High (Anaheim)
051267,ARNOLD O BECKMAN HIGH SCHOOL,Irvine,Orange,30736430102871,3073643,Tustin Unified,0,65.9874568926524,2.0,227.6315789473684,600.4736842105264,5,2,4.0,,Arnold O Beckman High (Irvine)
051028,BOLSA GRANDE HIGH SCHOOL,Garden Grove,Orange,30665223030434,3066522,Garden Grove Unified,0,73.92463481548751,2.0,59.53125,397.15625,5,2,4.0,,Bolsa Grande High (Garden Grove)
050370,BREA OLINDA HIGH SCHOOL,Brea,Orange,30664493030640,3066449,Brea-Olinda Unified,0,81.53425493592952,2.0,69.03125,437.9375,5,2,4.0,,Brea Olinda High (Brea)
050378,BUENA PARK HIGH SCHOOL,Buena Park,Orange,30665143030855,3066514,Fullerton Joint Union High,0,80.25525796488539,1.0,24.90625,371.40625,5,2,4.0,,Buena Park High (Buena Park)
054980,CA ONLINE PUBLIC SCH CENTRAL COAST,San Juan Capistrano,Orange,42750100138891,4275010,Cuyama Joint Unified,0,48.44176569718738,,7.0,10.0,5,2,3.0,,Ca Online Public Sch Central Coast (San Juan Capistrano)
054092,CA ONLINE PUBLIC SCHOOLS SOUTHRN CA,San Juan Capistrano,Orange,30664640106765,3066464,Capistrano Unified,0,48.38535699021867,1.0,25.333333333333332,538.5833333333334,5,2,3.0,,Ca Online Public Schools Southrn Ca (San Juan Capistrano)
054521,CALIFORNIA PREPARATORY ACADEMY,San Juan Capistrano,Orange,30664640124131,3066464,Capistrano Unified,0,48.82410877483334,2.0,6.0,84.0,5,2,3.0,,California Preparatory Academy (San Juan Capistrano)
055003,CAMBRIDGE VIRTUAL ACADEMY,Anaheim,Orange,30664310140707,3066431,Anaheim Union High,0,78.06504519882498,,6.0,29.0,5,2,4.0,,Cambridge Virtual Academy (Anaheim)
052267,CANYON HIGH SCHOOL,Anaheim,Orange,30666213030046,3066621,Orange Unified,0,74.16861328368721,2.0,114.875,496.71875,5,2,4.0,,Canyon High (Anaheim)
051968,CAPISTRANO VALLEY HIGH SCHOOL,Mission Viejo,Orange,30664643030210,3066464,Capistrano Unified,0,52.342474238891164,2.0,88.5,590.46875,5,2,3.0,,Capistrano Valley High (Mission Viejo)
053249,CENTURY HIGH SCHOOL,Santa Ana,Orange,30666703030491,3066670,Santa Ana Unified,0,68.67938024355391,0.0,24.25,460.59375,5,2,4.0,,Century High (Santa Ana)
052128,CORONA DEL MAR HIGH SCHOOL,Newport Beach,Orange,30665973031697,3066597,Newport-Mesa Unified,0,64.03742454160675,2.0,88.375,344.78125,5,2,4.0,,Corona Del Mar High (Newport Beach)
050683,COSTA MESA HIGH SCHOOL,Costa Mesa,Orange,30665973031853,3066597,Newport-Mesa Unified,0,67.08346215179651,1.0,24.09375,264.1875,5,2,4.0,,Costa Mesa High (Costa Mesa)
050714,CYPRESS HIGH SCHOOL,Cypress,Orange,30664313030038,3066431,Anaheim Union High,0,79.4742528420029,2.0,98.25,563.125,5,2,4.0,,Cypress High (Cypress)
050729,DANA HILLS HIGH SCHOOL,Dana Point,Orange,30664643038569,3066464,Capistrano Unified,0,49.28965185450732,2.0,103.71875,632.625,5,2,3.0,,Dana Hills High (Dana Point)
050404,EARLY COLLEGE HIGH SCHOOL,Costa Mesa,Orange,30665970111666,3066597,Newport-Mesa Unified,0,68.3040975541628,2.0,14.461538461538462,51.23076923076923,5,2,4.0,,Early College High (Costa Mesa)
051218,EDISON HIGH SCHOOL,Huntington Beach,Orange,30665483031895,3066548,Huntington Beach Union High,0,68.4092206102017,2.0,71.40625,557.75,5,2,4.0,,Edison High (Huntington Beach)
052478,EL DORADO HIGH SCHOOL,Placentia,Orange,30666473031929,3066647,Placentia-Yorba Linda Unified,0,78.59252929435384,2.0,55.28125,472.625,5,2,4.0,,El Dorado High (Placentia)
052276,EL MODENA HIGH SCHOOL,Orange,Orange,30666213031952,3066621,Orange Unified,0,71.27399575328432,1.0,41.75,441.09375,5,2,4.0,,El Modena High (Orange)
051974,EL TORO HIGH SCHOOL,Lake Forest,Orange,30736353030061,3073635,Saddleback Valley Unified,0,58.468440513213416,2.0,63.59375,564.5625,5,2,3.0,,El Toro High (Lake Forest)
050093,ESPERANZA HIGH SCHOOL,Anaheim,Orange,30666473030053,3066647,Placentia-Yorba Linda Unified,0,75.78710561931028,2.0,77.46875,552.71875,5,2,4.0,,Esperanza High (Anaheim)
050684,ESTANCIA HIGH SCHOOL,Costa Mesa,Orange,30665973032000,3066597,Newport-Mesa Unified,0,67.36158911775388,0.0,17.677419354838708,273.96774193548384,5,2,4.0,,Estancia High (Costa Mesa)
053418,EXCEL ACADEMY CHARTER SCH-HELENDALE,Irvine,Orange,36677360139576,3667736,Helendale Elementary,0,60.396457385168766,,6.0,29.0,5,2,4.0,,Excel Academy Charter Sch-Helendale (Irvine)
053234,FOOTHILL HIGH SCHOOL,Santa Ana,Orange,30736433032109,3073643,Tustin Unified,0,69.36295058660501,2.0,87.46875,505.21875,5,2,4.0,,Foothill High (Santa Ana)
050964,FOUNTAIN VALLEY HIGH SCHOOL,Fountain Valley,Orange,30665483032158,3066548,Huntington Beach Union High,0,70.82650311977946,2.0,149.3125,751.375,5,2,4.0,,Fountain Valley High (Fountain Valley)
051010,FULLERTON UNION HIGH SCHOOL,Fullerton,Orange,30665143032505,3066514,Fullerton Joint Union High,0,79.32188698177583,1.0,30.09375,408.625,5,2,4.0,,Fullerton Union High (Fullerton)
051030,GARDEN GROVE HIGH SCHOOL,Garden Grove,Orange,30665223032752,3066522,Garden Grove Unified,0,74.08536421331806,2.0,64.5625,492.09375,5,2,4.0,,Garden Grove High (Garden Grove)
054150,HECTOR GODINEZ FUNDAMENTAL HS,Santa Ana,Orange,30666700114736,3066670,Santa Ana Unified,0,70.06852522549737,1.0,69.625,551.25,5,2,4.0,,Hector Godinez Fundamental Hs (Santa Ana)
051220,HUNTINGTON BEACH HIGH SCHOOL,Huntington Beach,Orange,30665483032943,3066548,Huntington Beach Union High,0,70.77349664564491,2.0,89.8125,599.84375,5,2,4.0,,Huntington Beach High (Huntington Beach)
051271,IRVINE HIGH SCHOOL,Irvine,Orange,30736503030152,3073650,Irvine Unified,0,65.00903707018642,2.0,140.96875,485.34375,5,2,4.0,,Irvine High (Irvine)
050379,JOHN F KENNEDY HIGH SCHOOL,La Palma,Orange,30664313033115,3066431,Anaheim Union High,0,81.08561794765795,2.0,70.9375,511.6875,5,2,4.0,,John F Kennedy High (La Palma)
050081,KATELLA HIGH SCHOOL,Anaheim,Orange,30664313033057,3066431,Anaheim Union High,0,75.3632640060178,0.0,31.46875,526.28125,5,2,4.0,,Katella High (Anaheim)
051325,LA HABRA HIGH SCHOOL,La Habra,Orange,30665143033362,3066514,Fullerton Joint Union High,0,83.98955702074906,1.0,25.8125,441.625,5,2,4.0,,La Habra High (La Habra)
053737,LA QUINTA HIGH SCHOOL,Westminster,Orange,30665223033578,3066522,Garden Grove Unified,0,72.19775719560697,2.0,92.25,445.0625,5,2,4.0,,La Quinta High (Westminster)
051320,LAGUNA BEACH HIGH SCHOOL,Laguna Beach,Orange,30665553033206,3066555,Laguna Beach Unified,0,55.50261124953997,2.0,48.3125,228.71875,5,2,3.0,,Laguna Beach High (Laguna Beach)
051369,LAGUNA HILLS HIGH SCHOOL,Laguna Hills,Orange,30736353030244,3073635,Saddleback Valley Unified,0,56.248205132794126,2.0,70.6875,394.78125,5,2,3.0,,Laguna Hills High (Laguna Hills)
051935,LEGACY COLLEGE PREPARATORY,Santa Ana,Orange,30103060133983,3010306,Orange County Department of Education,0,70.34934244979583,,33.333333333333336,92.0,5,2,4.0,,Legacy College Preparatory (Santa Ana)
055051,LEGACY MAGNET ACADEMY,Tustin,Orange,30736430139774,3073643,Tustin Unified,0,66.38207520150425,,44.0,83.0,5,2,4.0,,Legacy Magnet Academy (Tustin)
050084,LOARA HIGH SCHOOL,Anaheim,Orange,30664313033784,3066431,Anaheim Union High,0,76.24716239727525,0.0,38.09375,487.625,5,2,4.0,,Loara High (Anaheim)
051508,LOS ALAMITOS HIGH SCHOOL,Los Alamitos,Orange,30739243033917,3073924,Los Alamitos Unified,0,80.32645739402838,2.0,128.71875,714.96875,5,2,4.0,,Los Alamitos High (Los Alamitos)
050963,LOS AMIGOS HIGH SCHOOL,Fountain Valley,Orange,30665223033933,3066522,Garden Grove Unified,0,70.69551994307069,1.0,33.96875,399.4375,5,2,4.0,,Los Amigos High (Fountain Valley)
050083,MAGNOLIA HIGH SCHOOL,Anaheim,Orange,30664313034204,3066431,Anaheim Union High,0,77.52040966053275,0.0,25.84375,381.875,5,2,4.0,,Magnolia High (Anaheim)
054474,MAGNOLIA SCIENCE ACADEMY-SANTA ANA,Santa Ana,Orange,30768930130765,3076893,SBE - Magnolia Science Academy Santa Ana,0,71.29524454241438,1.0,9.222222222222221,28.0,5,2,4.0,,Magnolia Science Academy-Santa Ana (Santa Ana)
051221,MARINA HIGH SCHOOL,Huntington Beach,Orange,30665483034410,3066548,Huntington Beach Union High,0,74.40935992278816,2.0,76.25,571.21875,5,2,4.0,,Marina High (Huntington Beach)
053258,MIDDLE COLLEGE HIGH SCHOOL,Santa Ana,Orange,30666703030608,3066670,Santa Ana Unified,0,71.57535198808068,2.0,24.8,88.4,5,2,4.0,,Middle College High (Santa Ana)
051981,MISSION VIEJO HIGH SCHOOL,Mission Viejo,Orange,30736353034956,3073635,Saddleback Valley Unified,0,55.768218401993245,2.0,75.75,548.3125,5,2,3.0,,Mission Viejo High (Mission Viejo)
050756,MONTE VISTA INDEPENDENT STUDY,Costa Mesa,Orange,30665973030186,3066597,Newport-Mesa Unified,0,66.85947437631347,,6.0,32.0,5,2,4.0,,Monte Vista Independent Study (Costa Mesa)
052130,NEWPORT HARBOR HIGH SCHOOL,Newport Beach,Orange,30665973035045,3066597,Newport-Mesa Unified,0,64.66087392863831,1.0,66.375,502.59375,5,2,4.0,,Newport Harbor High (Newport Beach)
051283,NORTHWOOD HIGH SCHOOL,Irvine,Orange,30736503030657,3073650,Irvine Unified,0,65.83889742688388,2.0,228.875,508.5833333333333,5,2,4.0,,Northwood High (Irvine)
054104,NOVA ACADEMY EARLY COLLEGE HS,Santa Ana,Orange,30666700106567,3066670,Santa Ana Unified,0,70.38964583083609,1.0,11.076923076923077,85.92307692307692,5,2,4.0,,Nova Academy Early College Hs (Santa Ana)
051224,OCEAN VIEW HIGH SCHOOL,Huntington Beach,Orange,30665483030145,3066548,Huntington Beach Union High,0,72.69015345880058,1.0,34.21875,342.5625,5,2,4.0,,Ocean View High (Huntington Beach)
053266,ORANGE COUNTY HS OF THE ARTS,Santa Ana,Orange,30103063030723,3010306,Orange County Department of Education,0,70.6026070432457,,79.84,402.6,5,2,4.0,,Orange County Hs Of The Arts (Santa Ana)
052280,ORANGE HIGH SCHOOL,Orange,Orange,30666213035409,3066621,Orange Unified,0,72.56553542571592,0.0,22.09375,419.78125,5,2,4.0,,Orange High (Orange)
050776,OXFORD ACADEMY,Cypress,Orange,30664313030616,3066431,Anaheim Union High,0,80.17356334904862,2.0,111.08695652173913,172.52173913043478,5,2,4.0,,Oxford Academy (Cypress)
053571,PACIFIC COAST HIGH SCHOOL,Tustin,Orange,30103063030632,3010306,Orange County Department of Education,0,66.71670927653997,,7.0,78.25,5,2,4.0,,Pacific Coast High (Tustin)
051034,PACIFICA HIGH SCHOOL,Garden Grove,Orange,30665223035581,3066522,Garden Grove Unified,0,76.78948625803385,2.0,50.75,394.5,5,2,4.0,,Pacifica High (Garden Grove)
054145,PARKVIEW SCHOOL,Placentia,Orange,30666476119556,3066647,Placentia-Yorba Linda Unified,0,79.36314463012752,,7.0,33.0,5,2,4.0,,Parkview School (Placentia)
053931,POLARIS HIGH SCHOOL,Anaheim,Orange,30664313030384,3066431,Anaheim Union High,0,76.75094464305649,,7.0,273.0,5,2,4.0,,Polaris High (Anaheim)
050266,PORTOLA HIGH SCHOOL,Irvine,Orange,30736500133405,3073650,Irvine Unified,0,64.29351262140085,,297.1666666666667,490.0,5,2,4.0,,Portola High (Irvine)
051032,RANCHO ALAMITOS HIGH SCHOOL,Garden Grove,Orange,30665223035706,3066522,Garden Grove Unified,0,76.72322126132545,1.0,35.875,372.09375,5,2,4.0,,Rancho Alamitos High (Garden Grove)
053242,SADDLEBACK HIGH SCHOOL,Santa Ana,Orange,30666703035821,3066670,Santa Ana Unified,0,68.25697412152648,0.0,24.625,490.84375,5,2,4.0,,Saddleback High (Santa Ana)
054751,SAMUELI ACADEMY,Santa Ana,Orange,30103060126037,3010306,Orange County Department of Education,0,72.10390306162815,2.0,22.333333333333332,124.55555555555556,5,2,4.0,,Samueli Academy (Santa Ana)
052814,SAN CLEMENTE HIGH SCHOOL,San Clemente,Orange,30664643036001,3066464,Capistrano Unified,0,44.58393226705824,2.0,84.09375,666.8125,5,2,3.0,,San Clemente High (San Clemente)
051273,SAN JOAQUIN HIGH SCHOOL,Irvine,Orange,30736503030467,3073650,Irvine Unified,0,65.18238253966862,,14.0,183.75,5,2,4.0,,San Joaquin High (Irvine)
054181,SAN JUAN HILLS HIGH SCHOOL,San Juan Capistrano,Orange,30664640113381,3066464,Capistrano Unified,0,50.027496201352484,2.0,97.13333333333334,586.4666666666667,5,2,3.0,,San Juan Hills High (San Juan Capistrano)
053235,SANTA ANA HIGH SCHOOL,Santa Ana,Orange,30666703036357,3066670,Santa Ana Unified,0,70.24835581929426,0.0,35.63333333333333,651.0666666666667,5,2,4.0,,Santa Ana High (Santa Ana)
051033,SANTIAGO HIGH SCHOOL,Garden Grove,Orange,30665223036555,3066522,Garden Grove Unified,0,72.78309250952914,1.0,33.84375,445.46875,5,2,4.0,,Santiago High (Garden Grove)
050087,SAVANNA HIGH SCHOOL,Anaheim,Orange,30664313036712,3066431,Anaheim Union High,0,78.36116571204715,0.0,28.387096774193548,439.3225806451613,5,2,4.0,,Savanna High (Anaheim)
054018,SEGERSTROM HIGH SCHOOL,Santa Ana,Orange,30666700108365,3066670,Santa Ana Unified,0,68.42461567917995,1.0,75.88888888888889,562.5555555555555,5,2,4.0,,Segerstrom High (Santa Ana)
051327,SONORA HIGH SCHOOL,La Habra,Orange,30665143037090,3066514,Fullerton Joint Union High,0,82.63078220997005,2.0,45.96875,405.5625,5,2,4.0,,Sonora High (La Habra)
051008,SUNNY HILLS HIGH SCHOOL,Fullerton,Orange,30665143037348,3066514,Fullerton Joint Union High,0,80.82973201873355,2.0,173.59375,539.875,5,2,4.0,,Sunny Hills High (Fullerton)
053149,TESORO HIGH SCHOOL,Rancho San Margarit,Orange,30664643030756,3066464,Capistrano Unified,0,53.46409740570702,2.0,118.77272727272727,620.4545454545455,5,2,3.0,,Tesoro High (Rancho San Margarit)
051958,TRABUCO HILLS HIGH SCHOOL,Mission Viejo,Orange,30736353030392,3073635,Saddleback Valley Unified,0,58.68496064397839,2.0,73.09375,612.71875,5,2,3.0,,Trabuco Hills High (Mission Viejo)
051009,TROY HIGH SCHOOL,Fullerton,Orange,30665143037496,3066514,Fullerton Joint Union High,0,78.86128441199713,2.0,216.53125,550.5,5,2,4.0,,Troy High (Fullerton)
052206,TUSTIN CONNECT,Tustin,Orange,30736433030590,3073643,Tustin Unified,0,68.26081322618369,,10.0,68.0,5,2,4.0,,Tustin Connect (Tustin)
053570,TUSTIN HIGH SCHOOL,Tustin,Orange,30736433037553,3073643,Tustin Unified,0,67.97961088753772,1.0,49.65625,463.75,5,2,4.0,,Tustin High (Tustin)
053131,UNION HIGH SCHOOL,San Juan Capistrano,Orange,30664643035987,3066464,Capistrano Unified,0,50.00185780561224,,11.0,89.0,5,2,3.0,,Union High (San Juan Capistrano)
050991,UNITY MIDDLE COLLEGE HIGH SCHL,Orange,Orange,30103060133959,3010306,Orange County Department of Education,0,72.80717131131289,,7.0,24.0,5,2,4.0,,Unity Middle College High Schl (Orange)
051984,UNIVERSITY HIGH SCHOOL,Irvine,Orange,30736503035102,3073650,Irvine Unified,0,63.158066273903856,2.0,244.625,552.9375,5,2,4.0,,University High (Irvine)
052480,VALENCIA HIGH SCHOOL,Placentia,Orange,30666473038023,3066647,Placentia-Yorba Linda Unified,0,77.96086940761177,2.0,77.0625,515.09375,5,2,4.0,,Valencia High (Placentia)
053243,VALLEY HIGH SCHOOL,Santa Ana,Orange,30666703036456,3066670,Santa Ana Unified,0,69.8750945007793,0.0,28.21875,517.0,5,2,4.0,,Valley High (Santa Ana)
052279,VILLA PARK HIGH SCHOOL,Villa Park,Orange,30666213038098,3066621,Orange Unified,0,73.02404008829134,1.0,77.78125,506.25,5,2,4.0,,Villa Park High (Villa Park)
050092,WESTERN HIGH SCHOOL,Anaheim,Orange,30664313038239,3066431,Anaheim Union High,0,78.9536320787408,0.0,23.09375,412.6875,5,2,4.0,,Western High (Anaheim)
053739,WESTMINSTER HIGH SCHOOL,Westminster,Orange,30665483038445,3066548,Huntington Beach Union High,0,75.1173975680479,2.0,68.96875,592.78125,5,2,4.0,,Westminster High (Westminster)
051274,WOODBRIDGE HIGH SCHOOL,Irvine,Orange,30736503030285,3073650,Irvine Unified,0,64.25722495920458,2.0,144.59375,520.4375,5,2,4.0,,Woodbridge High (Irvine)
054321,YORBA LINDA HIGH SCHOOL,Yorba Linda,Orange,30666470119404,3066647,Placentia-Yorba Linda Unified,0,77.31160706283542,2.0,101.0,427.14285714285717,5,2,4.0,,Yorba Linda High (Yorba Linda)
050637,COLFAX HIGH SCHOOL,Colfax,Placer,31668943131851,3166894,Placer Union High,0,478.0930999868867,2.0,11.3,183.6,5,5,5.0,,Colfax High (Colfax)
051507,DEL ORO HIGH SCHOOL,Loomis,Placer,31668943132453,3166894,Placer Union High,0,466.8290219325205,2.0,27.9375,374.3125,5,5,5.0,,Del Oro High (Loomis)
051083,FORESTHILL HIGH SCHOOL,Foresthill,Placer,31668940102293,3166894,Placer Union High,0,469.26881746587617,,6.0,42.0,5,5,5.0,,Foresthill High (Foresthill)
051106,GRANITE BAY HIGH SCHOOL,Granite Bay,Placer,31669283130184,3166928,Roseville Joint Union High,0,461.74381737075777,2.0,93.81481481481481,491.3333333333333,5,5,5.0,,Granite Bay High (Granite Bay)
051427,HORIZON CHARTER SCHOOL,Lincoln,Placer,31669513130168,3166951,Western Placer Unified,0,473.03581981955347,,5.0,313.0,5,5,5.0,,Horizon Charter School (Lincoln)
052654,INDEPENDENCE HIGH SCHOOL,Roseville,Placer,31669283130119,3166928,Roseville Joint Union High,0,464.8734164723638,,5.0,125.0,5,5,5.0,,Independence High (Roseville)
051405,LINCOLN HIGH SCHOOL,Lincoln,Placer,31669513134657,3166951,Western Placer Unified,0,473.6538087217171,1.0,13.736842105263158,362.4736842105263,5,5,5.0,,Lincoln High (Lincoln)
053537,NORTH TAHOE HIGH SCHOOL,Tahoe City,Placer,31669443130010,3166944,Tahoe-Truckee Unified,0,465.1004597593688,2.0,13.25,97.375,5,5,5.0,,North Tahoe High (Tahoe City)
052688,OAKMONT HIGH SCHOOL,Roseville,Placer,31669283135308,3166928,Roseville Joint Union High,0,462.7648376977048,2.0,30.40625,403.625,5,5,5.0,,Oakmont High (Roseville)
050175,PLACER HIGH SCHOOL,Auburn,Placer,31668943135704,3166894,Placer Union High,0,467.7384705235646,2.0,19.4375,339.25,5,5,5.0,,Placer High (Auburn)
052609,ROCKLIN HIGH SCHOOL,Rocklin,Placer,31750853130150,3175085,Rocklin Unified,0,467.6510931637574,2.0,49.724137931034484,452.7931034482759,5,5,5.0,,Rocklin High (Rocklin)
052690,ROSEVILLE HIGH SCHOOL,Roseville,Placer,31669283136504,3166928,Roseville Joint Union High,0,464.79152367568224,2.0,23.366666666666667,413.8333333333333,5,5,5.0,,Roseville High (Roseville)
053540,TRUCKEE HIGH SCHOOL,Truckee,Placer,31669443138500,3166944,Tahoe-Truckee Unified,0,475.3124495544796,1.0,18.466666666666665,180.56666666666666,5,5,5.0,,Truckee High (Truckee)
054985,TWELVE BRIDGES HIGH SCHOOL,Lincoln,Placer,31669510140541,3166951,Western Placer Unified,0,470.6310068699481,,26.0,280.0,5,5,5.0,,Twelve Bridges High (Lincoln)
053110,WEST PARK HIGH SCHOOL,Roseville,Placer,31669280139840,3166928,Roseville Joint Union High,0,464.84320735817596,,51.333333333333336,352.3333333333333,5,5,5.0,,West Park High (Roseville)
054379,WESTERN SIERRA COLLEGIATE ACAD,Rocklin,Placer,31750850119487,3175085,Rocklin Unified,0,468.66637941305146,2.0,26.3,119.2,5,5,5.0,,Western Sierra Collegiate Acad (Rocklin)
053937,WHITNEY HIGH SCHOOL,Rocklin,Placer,31750850108084,3175085,Rocklin Unified,0,469.77630550986254,2.0,48.55555555555556,427.05555555555554,5,5,5.0,,Whitney High (Rocklin)
052598,WOODCREEK HIGH SCHOOL,Roseville,Placer,31669283130176,3166928,Roseville Joint Union High,0,466.5921732882051,2.0,31.20689655172414,486.3448275862069,5,5,5.0,,Woodcreek High (Roseville)
050535,CHESTER JUNIOR SENIOR HIGH SCHOOL,Chester,Plumas,32669693232006,3266969,Plumas Unified,0,558.5209789490303,,5.0,45.0,5,5,5.0,,Chester Junior Senior High (Chester)
052525,PORTOLA JUNIOR SENIOR HIGH SCHOOL,Portola,Plumas,32669693235603,3266969,Plumas Unified,0,510.86456259917503,,6.5,46.25,5,5,5.0,,Portola Junior Senior High (Portola)
052545,QUINCY JUNIOR SENIOR HIGH SCHOOL,Quincy,Plumas,32669693236007,3266969,Plumas Unified,0,530.0232042829755,,5.666666666666667,75.33333333333333,5,5,5.0,,Quincy Junior Senior High (Quincy)
053914,ACADEMY OF INNOVATION,Hemet,Riverside,33670823330503,3367082,Hemet Unified,0,60.95523794391577,,6.0,112.0,5,3,4.0,,Academy Of Innovation (Hemet)
052658,ARLINGTON HIGH SCHOOL,Riverside,Riverside,33672153330024,3367215,Riverside Unified,0,72.24776842687795,0.0,31.53125,442.9375,5,3,4.0,,Arlington High (Riverside)
050230,BANNING HIGH SCHOOL,Banning,Riverside,33669853330214,3366985,Banning Unified,0,74.59549612417926,0.0,19.4375,223.625,5,3,4.0,,Banning High (Banning)
050240,BEAUMONT HIGH SCHOOL,Beaumont,Riverside,33669933330479,3366993,Beaumont Unified,0,76.63951366205579,1.0,34.925925925925924,467.0740740740741,5,3,4.0,,Beaumont High (Beaumont)
054173,CALIFORNIA MILITARY INSTITUTE,Perris,Riverside,33672070101170,3367207,Perris Union High,0,62.91846458838521,2.0,17.692307692307693,106.23076923076923,5,3,4.0,,California Military Institute (Perris)
052059,CANYON SPRINGS HIGH SCHOOL,Moreno Valley,Riverside,33671243330396,3367124,Moreno Valley Unified,0,74.71370572197749,0.0,42.28125,554.40625,5,3,4.0,,Canyon Springs High (Moreno Valley)
050508,CATHEDRAL CITY HIGH SCHOOL,Cathedral City,Riverside,33671733330578,3367173,Palm Springs Unified,0,78.00815572640555,1.0,34.67741935483871,464.5483870967742,5,3,4.0,,Cathedral City High (Cathedral City)
050676,CENTENNIAL HIGH SCHOOL,Corona,Riverside,33670333330446,3367033,Corona-Norco Unified,0,69.76807312754455,1.0,75.71875,589.96875,5,3,4.0,,Centennial High (Corona)
053539,CHAPARRAL HIGH SCHOOL,Temecula,Riverside,33751923330743,3375192,Temecula Valley Unified,0,45.847566869731786,2.0,81.3076923076923,667.6538461538462,5,3,3.0,,Chaparral High (Temecula)
053978,CITRUS HILL HIGH SCHOOL,Perris,Riverside,33752420109108,3375242,Val Verde Unified,0,67.68612663777297,1.0,60.44444444444444,438.8333333333333,5,3,4.0,,Citrus Hill High (Perris)
050620,COACHELLA VALLEY HIGH SCHOOL,Thermal,Riverside,33736763330990,3373676,Coachella Valley Unified,0,79.53758626749163,0.0,34.78125,548.4375,5,3,4.0,,Coachella Valley High (Thermal)
050675,CORONA HIGH SCHOOL,Corona,Riverside,33670333331600,3367033,Corona-Norco Unified,0,71.5442373276053,1.0,42.28125,580.5625,5,3,4.0,,Corona High (Corona)
050334,DESERT HOT SPRINGS HS,Desert Hot Springs,Riverside,33671733330818,3367173,Palm Springs Unified,0,85.4983627174048,0.0,26.181818181818183,396.3181818181818,5,3,4.0,,Desert Hot Springs Hs (Desert Hot Springs)
054013,DESERT MIRAGE HIGH SCHOOL,Thermal,Riverside,33736760100255,3373676,Coachella Valley Unified,0,78.1680346386454,0.0,37.8421052631579,451.05263157894734,5,3,4.0,,Desert Mirage High (Thermal)
054078,ELEANOR ROOSEVELT HIGH SCHOOL,Eastvale,Riverside,33670330110627,3367033,Corona-Norco Unified,0,76.66111256729278,2.0,146.38888888888889,880.0,5,3,4.0,,Eleanor Roosevelt High (Eastvale)
051799,ELITE ACADEMIC ACADEMY-LUCERNE,Temecula,Riverside,36750510136960,3675051,Lucerne Valley Unified,0,43.05278362437237,,6.0,58.0,5,3,3.0,,Elite Academic Academy-Lucerne (Temecula)
050855,ELSINORE HIGH SCHOOL,Wildomar,Riverside,33751763332350,3375176,Lake Elsinore Unified,0,51.41998756273004,1.0,24.15625,445.90625,5,3,3.0,,Elsinore High (Wildomar)
050268,ENCORE HS FOR THE ARTS - RIVER,Riverside,Riverside,33672150132498,3367215,Riverside Unified,0,76.53600830178377,1.0,7.5,86.0,5,3,4.0,,Encore Hs For The Arts - River (Riverside)
053880,GREAT OAK HIGH SCHOOL,Temecula,Riverside,33751920105734,3375192,Temecula Valley Unified,0,40.38694306533973,2.0,145.1578947368421,760.6315789473684,5,3,3.0,,Great Oak High (Temecula)
050108,HAMILTON HIGH SCHOOL,Anza,Riverside,33670820106716,3367082,Hemet Unified,0,58.115420183475024,0.0,6.25,68.625,5,3,3.0,,Hamilton High (Anza)
051165,HEMET HIGH SCHOOL,Hemet,Riverside,33670823332673,3367082,Hemet Unified,0,61.214961642581535,1.0,41.125,530.96875,5,3,4.0,,Hemet High (Hemet)
054141,HERITAGE HIGH SCHOOL,Menifee,Riverside,33672070113191,3367207,Perris Union High,0,59.57850332415051,0.0,46.875,605.625,5,3,3.0,,Heritage High (Menifee)
054677,HILLCREST HIGH SCHOOL,Riverside,Riverside,33669770125732,3366977,Alvord Unified,0,71.31022080596236,1.0,60.7,418.5,5,3,4.0,,Hillcrest High (Riverside)
050318,HYBRID SCHOOL OF INNOVATION,Norco,Riverside,33670330135574,3367033,Corona-Norco Unified,0,69.05945457595622,,5.5,154.5,5,3,4.0,,Hybrid School Of Innovation (Norco)
051247,INDIO HIGH SCHOOL,Indio,Riverside,33670583333192,3367058,Desert Sands Unified,0,81.47919088496049,0.0,31.5,471.3125,5,3,4.0,,Indio High (Indio)
054073,JOHN F KENNEDY MIDDLE COLG HS,Norco,Riverside,33670330110759,3367033,Corona-Norco Unified,0,74.08242311928838,2.0,36.22222222222222,205.0,5,3,4.0,,John F Kennedy Middle Colg Hs (Norco)
052661,JOHN W NORTH HIGH SCHOOL,Riverside,Riverside,33672153334406,3367215,Riverside Unified,0,76.47544861428342,0.0,62.375,499.34375,5,3,4.0,,John W North High (Riverside)
051989,JURUPA VALLEY HIGH SCHOOL,Jurupa Valley,Riverside,33670903330412,3367090,Jurupa Unified,0,79.21036391720955,0.0,21.75862068965517,475.2758620689655,5,3,4.0,,Jurupa Valley High (Jurupa Valley)
051328,LA QUINTA HIGH SCHOOL,La Quinta,Riverside,33670583330669,3367058,Desert Sands Unified,0,79.67358223313623,2.0,53.51724137931034,544.0,5,3,4.0,,La Quinta High (La Quinta)
052659,LA SIERRA HIGH SCHOOL,Riverside,Riverside,33669773330008,3366977,Alvord Unified,0,72.71713385575566,0.0,43.41935483870968,512.1935483870968,5,3,4.0,,La Sierra High (Riverside)
053995,LAKESIDE HIGH SCHOOL,Lake Elsinore,Riverside,33751760107920,3375176,Lake Elsinore Unified,0,55.13458698825878,0.0,31.72222222222222,420.0,5,3,3.0,,Lakeside High (Lake Elsinore)
054763,LEADERSHIP MILITARY ACADEMY,Moreno Valley,Riverside,33103300125237,3310330,Riverside County Office of Education,0,71.93659693878995,0.0,5.0,45.0,5,3,4.0,,Leadership Military Academy (Moreno Valley)
054992,LIBERTY HIGH SCHOOL,Winchester,Riverside,33672070140491,3367207,Perris Union High,0,53.74670064438274,,79.5,533.0,5,3,3.0,,Liberty High (Winchester)
052567,MARTIN LUTHER KING HIGH SCHOOL,Riverside,Riverside,33672153330859,3367215,Riverside Unified,0,69.69190099866496,2.0,90.0,682.3333333333334,5,3,4.0,,Martin Luther King High (Riverside)
054946,MISSION VISTA ACADEMY,Corona,Riverside,33669930139360,3366993,Beaumont Unified,0,75.2853494938174,,9.333333333333334,171.66666666666666,5,3,4.0,,Mission Vista Academy (Corona)
053459,MORENO VALLEY HIGH SCHOOL,Moreno Valley,Riverside,33671243333770,3367124,Moreno Valley Unified,0,72.1781532402018,0.0,39.90625,488.65625,5,3,4.0,,Moreno Valley High (Moreno Valley)
054357,MURRIETA MESA HIGH SCHOOL,Murrieta,Riverside,33752000118794,3375200,Murrieta Valley Unified,0,47.24829864233624,2.0,59.92857142857143,538.2857142857143,5,3,3.0,,Murrieta Mesa High (Murrieta)
052073,MURRIETA VALLEY HIGH SCHOOL,Murrieta,Riverside,33752003330529,3375200,Murrieta Valley Unified,0,47.46443061558222,2.0,53.28125,593.78125,5,3,3.0,,Murrieta Valley High (Murrieta)
052129,NORCO HIGH SCHOOL,Norco,Riverside,33670333334232,3367033,Corona-Norco Unified,0,73.55653654036243,1.0,26.125,470.9375,5,3,4.0,,Norco High (Norco)
052664,NORTE VISTA SENIOR HIGH SCHOOL,Riverside,Riverside,33669773334299,3366977,Alvord Unified,0,75.19518383515326,0.0,32.875,462.0625,5,3,4.0,,Norte Vista Senior High (Riverside)
054608,NOVA ACADEMY EARLY COLLEGE COACHELL,Coachella,Riverside,33736760121673,3373676,Coachella Valley Unified,0,81.03184071921117,1.0,6.0,48.2,5,3,4.0,,Nova Academy Early College Coachell (Coachella)
052214,NUVIEW BRIDGE EARLY COLLEGE HS,Nuevo,Riverside,33671573331014,3367157,Nuview Union,0,65.92109733817482,2.0,27.5,125.625,5,3,4.0,,Nuview Bridge Early College Hs (Nuevo)
050038,ORANGE VISTA HIGH SCHOOL,Perris,Riverside,33752420133306,3375242,Val Verde Unified,0,64.65056578459239,0.0,110.85714285714286,567.8571428571429,5,3,4.0,,Orange Vista High (Perris)
052319,PALM DESERT HIGH SCHOOL,Palm Desert,Riverside,33670583330388,3367058,Desert Sands Unified,0,77.70239601732845,2.0,52.40625,444.21875,5,3,4.0,,Palm Desert High (Palm Desert)
052320,PALM SPRINGS HIGH SCHOOL,Palm Springs,Riverside,33671733335130,3367173,Palm Springs Unified,0,76.94648944816862,1.0,45.84375,425.78125,5,3,4.0,,Palm Springs High (Palm Springs)
050350,PALO VERDE HIGH SCHOOL,Blythe,Riverside,33671813335759,3367181,Palo Verde Unified,0,160.25344228859575,0.0,7.115384615384615,175.96153846153845,5,3,5.0,,Palo Verde High (Blythe)
051907,PALOMA VALLEY HIGH SCHOOL,Menifee,Riverside,33672073330727,3367207,Perris Union High,0,54.2773714462023,1.0,48.25,604.5,5,3,3.0,,Paloma Valley High (Menifee)
054159,PATRIOT HIGH SCHOOL,Jurupa Valley,Riverside,33670900114157,3367090,Jurupa Unified,0,78.86442154168824,1.0,32.111111111111114,528.9444444444445,5,3,4.0,,Patriot High (Jurupa Valley)
052440,PERRIS HIGH SCHOOL,Perris,Riverside,33672073335973,3367207,Perris Union High,0,63.556422575516464,0.0,36.16129032258065,509.5806451612903,5,3,4.0,,Perris High (Perris)
052670,RAMONA HIGH SCHOOL,Riverside,Riverside,33672153336492,3367215,Riverside Unified,0,73.88507319463633,0.0,31.193548387096776,441.96774193548384,5,3,4.0,,Ramona High (Riverside)
054702,RANCHO MIRAGE HIGH SCHOOL,Rancho Mirage,Riverside,33671730127316,3367173,Palm Springs Unified,0,79.79978476699539,0.0,38.8,344.1,5,3,4.0,,Rancho Mirage High (Rancho Mirage)
052056,RANCHO VERDE HIGH SCHOOL,Moreno Valley,Riverside,33752423330552,3375242,Val Verde Unified,0,67.75577814527502,0.0,48.09375,559.6875,5,3,4.0,,Rancho Verde High (Moreno Valley)
054113,RIVER SPRINGS CHARTER SCHOOL,Temecula,Riverside,33103300110833,3310330,Riverside County Office of Education,0,43.856167218622794,0.0,7.916666666666667,207.16666666666666,5,3,3.0,,River Springs Charter School (Temecula)
052665,RIVERSIDE POLY HIGH SCHOOL,Riverside,Riverside,33672153336237,3367215,Riverside Unified,0,74.52122494555368,1.0,59.46875,546.03125,5,3,4.0,,Riverside Poly High (Riverside)
054784,RIVERSIDE STEM ACADEMY,Riverside,Riverside,33672150131359,3367215,Riverside Unified,0,75.36197912191001,2.0,29.22222222222222,49.666666666666664,5,3,4.0,,Riverside Stem Academy (Riverside)
054407,RIVERSIDE VIRTUAL SCHOOL,Riverside,Riverside,33672150115709,3367215,Riverside Unified,0,76.02280190214445,,9.0,119.66666666666667,5,3,4.0,,Riverside Virtual School (Riverside)
052672,RUBIDOUX HIGH SCHOOL,Jurupa Valley,Riverside,33670903337136,3367090,Jurupa Unified,0,78.08064272291693,0.0,21.967741935483872,401.93548387096774,5,3,4.0,,Rubidoux High (Jurupa Valley)
053070,SAN JACINTO HIGH SCHOOL,San Jacinto,Riverside,33672493337656,3367249,San Jacinto Unified,0,65.02912049617156,0.0,38.44444444444444,438.44444444444446,5,3,4.0,,San Jacinto High (San Jacinto)
059728,SAN JACINTO LEADERSHIP ACADEMY,San Jacinto,Riverside,33672490123844,3367249,San Jacinto Unified,0,64.64149900483945,,24.0,76.0,5,3,4.0,,San Jacinto Leadership Academy (San Jacinto)
054027,SAN JACINTO VALLEY ACADEMY,San Jacinto,Riverside,33672496114748,3367249,San Jacinto Unified,0,65.10125425009754,1.0,19.2,73.3,5,3,4.0,,San Jacinto Valley Academy (San Jacinto)
054106,SANTA ROSA ACADEMY,Menifee,Riverside,33671160109843,3367116,Menifee Union Elementary,0,55.20662183177197,1.0,10.8,115.4,5,3,3.0,,Santa Rosa Academy (Menifee)
050692,SANTIAGO HIGH SCHOOL,Corona,Riverside,33670333330701,3367033,Corona-Norco Unified,0,68.32466062066638,2.0,107.64285714285714,757.6428571428571,5,3,4.0,,Santiago High (Corona)
054345,SHADOW HILLS HIGH SCHOOL,Indio,Riverside,33670580118885,3367058,Desert Sands Unified,0,82.66346235972132,1.0,38.15384615384615,429.15384615384613,5,3,4.0,,Shadow Hills High (Indio)
053627,SUSAN H. NELSON HIGH SCHOOL,Temecula,Riverside,33751923330636,3375192,Temecula Valley Unified,0,42.66123880223044,,6.0,140.0,5,3,3.0,,Susan H. Nelson High (Temecula)
054214,TAHQUITZ HIGH SCHOOL,Hemet,Riverside,33670820113159,3367082,Hemet Unified,0,62.5605365109635,0.0,32.375,357.9375,5,3,4.0,,Tahquitz High (Hemet)
053643,TEMECULA PREPARATORY SCHOOL,Winchester,Riverside,33751923330917,3375192,Temecula Valley Unified,0,50.762406162603284,2.0,17.666666666666668,66.6,5,3,3.0,,Temecula Preparatory School (Winchester)
053499,TEMECULA VALLEY HIGH SCHOOL,Temecula,Riverside,33751923330370,3375192,Temecula Valley Unified,0,43.61450460255936,2.0,73.65625,660.28125,5,3,3.0,,Temecula Valley High (Temecula)
051402,TEMESCAL CANYON HIGH SCHOOL,Lake Elsinore,Riverside,33751763330487,3375176,Lake Elsinore Unified,0,57.22802607936522,1.0,38.45161290322581,461.741935483871,5,3,3.0,,Temescal Canyon High (Lake Elsinore)
052057,VALLEY VIEW HIGH SCHOOL,Moreno Valley,Riverside,33671243330438,3367124,Moreno Valley Unified,0,72.57893751282228,1.0,40.15625,574.25,5,3,4.0,,Valley View High (Moreno Valley)
052216,VISTA DEL LAGO HIGH SCHOOL,Moreno Valley,Riverside,33671243331071,3367124,Moreno Valley Unified,0,70.55116226625839,0.0,36.0,486.14285714285717,5,3,4.0,,Vista Del Lago High (Moreno Valley)
053004,VISTA MURRIETA HIGH SCHOOL,Murrieta,Riverside,33752000100420,3375200,Murrieta Valley Unified,0,49.7400663465487,2.0,98.2,795.35,5,3,3.0,,Vista Murrieta High (Murrieta)
052759,WEST SHORES HIGH SCHOOL,Thermal,Riverside,33736763330354,3373676,Coachella Valley Unified,0,79.90661730579014,,10.875,70.0,5,3,4.0,,West Shores High (Thermal)
051161,WEST VALLEY HIGH SCHOOL,Hemet,Riverside,33670823330537,3367082,Hemet Unified,0,59.440901123290416,1.0,31.06896551724138,430.17241379310343,5,3,3.0,,West Valley High (Hemet)
054764,WESTERN CENTER ACADEMY,Hemet,Riverside,33670820120675,3367082,Hemet Unified,0,58.8047492138097,2.0,28.22222222222222,66.44444444444444,5,3,3.0,,Western Center Academy (Hemet)
054250,ANTELOPE HIGH SCHOOL,Antelope,Sacramento,31669280116459,3166928,Roseville Joint Union High,0,464.2590162956112,1.0,33.8,425.2,5,5,5.0,,Antelope High (Antelope)
054516,ASPIRE ALEXANDER TWILIGHT SCND,Sacramento,Sacramento,34674470121467,3467447,San Juan Unified,0,459.82957079981264,,10.5,51.0,5,5,5.0,,Aspire Alexander Twilight Scnd (Sacramento)
050912,BELLA VISTA HIGH SCHOOL,Fair Oaks,Sacramento,34674473430493,3467447,San Juan Unified,0,458.5943282033423,2.0,44.375,429.65625,5,5,5.0,,Bella Vista High (Fair Oaks)
052705,C K MCCLATCHY HIGH SCHOOL,Sacramento,Sacramento,34674393435419,3467439,Sacramento City Unified,0,458.54961333903407,1.0,53.53125,497.34375,5,5,5.0,,C K Mcclatchy High (Sacramento)
052284,CASA ROBLE FUNDAMENTAL HS,Orangevale,Sacramento,34674473431111,3467447,San Juan Unified,0,459.7129936780719,1.0,15.5,345.2,5,5,5.0,,Casa Roble Fundamental Hs (Orangevale)
052141,CENTER HIGH SCHOOL,Antelope,Sacramento,34739733430378,3473973,Center Joint Unified,0,465.76735345637894,1.0,12.137931034482758,320.9655172413793,5,5,5.0,,Center High (Antelope)
052553,CORDOVA HIGH SCHOOL,Rancho Cordova,Sacramento,34673303431533,3467330,Folsom-Cordova Unified,0,456.38577710926444,0.0,11.766666666666667,391.93333333333334,5,5,5.0,,Cordova High (Rancho Cordova)
054204,COSUMNES OAKS HIGH SCHOOL,Elk Grove,Sacramento,34673140116897,3467314,Elk Grove Unified,0,447.1741422528675,2.0,69.06666666666666,489.2,5,5,5.0,,Cosumnes Oaks High (Elk Grove)
050915,DEL CAMPO HIGH SCHOOL,Fair Oaks,Sacramento,34674473432051,3467447,San Juan Unified,0,459.6437277718986,1.0,19.5,392.84375,5,5,5.0,,Del Campo High (Fair Oaks)
052710,EL CAMINO FUNDAMENTAL HS,Sacramento,Sacramento,34674473432317,3467447,San Juan Unified,0,458.55471342142164,1.0,23.375,348.65625,5,5,5.0,,El Camino Fundamental Hs (Sacramento)
050825,ELK GROVE HIGH SCHOOL,Elk Grove,Sacramento,34673143432572,3467314,Elk Grove Unified,0,446.584138471497,1.0,28.1875,483.875,5,5,5.0,,Elk Grove High (Elk Grove)
052716,ENCINA HIGH SCHOOL,Sacramento,Sacramento,34674473432838,3467447,San Juan Unified,0,458.7799351855653,,9.5,180.5,5,5,5.0,,Encina High (Sacramento)
052722,FLORIN HIGH SCHOOL,Sacramento,Sacramento,34673143430477,3467314,Elk Grove Unified,0,450.9703067174415,0.0,24.90625,411.25,5,5,5.0,,Florin High (Sacramento)
050940,FOLSOM HIGH SCHOOL,Folsom,Sacramento,34673303433216,3467330,Folsom-Cordova Unified,0,455.10971253530647,2.0,71.1875,519.03125,5,5,5.0,,Folsom High (Folsom)
052131,FOOTHILL HIGH SCHOOL,Sacramento,Sacramento,34765053433265,3476505,Twin Rivers Unified,0,462.3182832604221,0.0,9.545454545454545,251.84615384615384,5,5,5.0,,Foothill High (Sacramento)
050824,FRANKLIN HIGH SCHOOL,Elk Grove,Sacramento,34673143430873,3467314,Elk Grove Unified,0,447.77751508901684,2.0,104.28571428571429,648.2857142857143,5,5,5.0,,Franklin High (Elk Grove)
052144,FUTURES HIGH SCHOOL,Sacramento,Sacramento,34765050101832,3476505,Twin Rivers Unified,0,463.1902966737096,1.0,5.6,80.8,5,5,5.0,,Futures High (Sacramento)
053015,G W CARVER SCHOOL OF ARTS & SCIENCE,Sacramento,Sacramento,34674390101899,3467439,Sacramento City Unified,0,454.5320254344061,,5.5,58.0,5,5,5.0,,G W Carver School Of Arts & Science (Sacramento)
051015,GALT HIGH SCHOOL,Galt,Sacramento,34673553433471,3467355,Galt Joint Union High,0,435.99077725565826,0.0,9.88888888888889,316.74074074074076,5,5,5.0,,Galt High (Galt)
050740,GRANT UNION HIGH SCHOOL,Sacramento,Sacramento,34765053433794,3476505,Twin Rivers Unified,0,462.07870954169294,0.0,12.444444444444445,401.52941176470586,5,5,5.0,,Grant Union High (Sacramento)
053984,HEALTH PROFESSIONS HIGH SCH,Sacramento,Sacramento,34674390108951,3467439,Sacramento City Unified,0,459.92586497940465,,5.8,59.6,5,5,5.0,,Health Professions High Sch (Sacramento)
052132,HIGHLANDS HIGH SCHOOL,North Highlands,Sacramento,34765053434370,3476505,Twin Rivers Unified,0,462.94781021305005,0.0,6.625,176.75,5,5,5.0,,Highlands High (North Highlands)
052717,HIRAM W JOHNSON HIGH SCHOOL,Sacramento,Sacramento,34674393434636,3467439,Sacramento City Unified,0,456.12328114005356,0.0,12.80952380952381,451.76190476190476,5,5,5.0,,Hiram W Johnson High (Sacramento)
053028,INDERKUM HIGH SCHOOL,Sacramento,Sacramento,34752830102236,3475283,Natomas Unified,0,465.74610893550187,1.0,51.94736842105263,436.5263157894737,5,5,5.0,,Inderkum High (Sacramento)
052713,JOHN F KENNEDY HIGH SCHOOL,Sacramento,Sacramento,34674393434768,3467439,Sacramento City Unified,0,457.3372821218523,1.0,52.34375,488.0625,5,5,5.0,,John F Kennedy High (Sacramento)
050829,LAGUNA CREEK HIGH SCHOOL,Elk Grove,Sacramento,34673143430592,3467314,Elk Grove Unified,0,449.75107256970824,1.0,39.58620689655172,504.9310344827586,5,5,5.0,,Laguna Creek High (Elk Grove)
054812,LEROY GREENE ACADEMY,Sacramento,Sacramento,34752830126060,3475283,Natomas Unified,0,463.24423862074644,1.0,8.142857142857142,79.0,5,5,5.0,,Leroy Greene Academy (Sacramento)
054438,LIBERTY RANCH HIGH SCHOOL,Galt,Sacramento,34673550119131,3467355,Galt Joint Union High,0,437.1468463061033,1.0,10.75,269.5833333333333,5,5,5.0,,Liberty Ranch High (Galt)
052719,LUTHER BURBANK HIGH SCHOOL,Sacramento,Sacramento,34674393431012,3467439,Sacramento City Unified,0,454.835427666591,0.0,18.516129032258064,409.93548387096774,5,5,5.0,,Luther Burbank High (Sacramento)
050587,MESA VERDE HIGH SCHOOL,Citrus Heights,Sacramento,34674473430048,3467447,San Juan Unified,0,462.0411382825256,0.0,7.764705882352941,225.76470588235293,5,5,5.0,,Mesa Verde High (Citrus Heights)
053916,MET SACRAMENTO HIGH SCHOOL,Sacramento,Sacramento,34674390101907,3467439,Sacramento City Unified,0,459.9827017468183,1.0,6.333333333333333,54.666666666666664,5,5,5.0,,Met Sacramento High (Sacramento)
052723,MIRA LOMA HIGH SCHOOL,Sacramento,Sacramento,34674473435930,3467447,San Juan Unified,0,460.15984331105096,2.0,66.5,370.3125,5,5,5.0,,Mira Loma High (Sacramento)
050902,MONTEREY TRAIL HIGH SCHOOL,Elk Grove,Sacramento,34673140105916,3467314,Elk Grove Unified,0,449.411812630889,1.0,48.473684210526315,522.5263157894736,5,5,5.0,,Monterey Trail High (Elk Grove)
052803,NATOMAS CHARTER SCHOOL,Sacramento,Sacramento,34752833430659,3475283,Natomas Unified,0,465.77010116385645,2.0,16.95,107.55,5,5,5.0,,Natomas Charter School (Sacramento)
052782,NATOMAS HIGH SCHOOL,Sacramento,Sacramento,34752833430584,3475283,Natomas Unified,0,463.3842171919532,0.0,10.88888888888889,288.7037037037037,5,5,5.0,,Natomas High (Sacramento)
054095,NATOMAS PACIFIC PATHWAYS PREP,Sacramento,Sacramento,34752830112425,3475283,Natomas Unified,0,466.42573862850185,2.0,18.071428571428573,133.57142857142858,5,5,5.0,,Natomas Pacific Pathways Prep (Sacramento)
052427,OPTIONS FOR YOUTH SAN JUAN-CARMICHL,Carmichael,Sacramento,34674473430691,3467447,San Juan Unified,0,459.8071415605906,0.0,6.0,187.0,5,5,5.0,,Options For Youth San Juan-Carmichl (Carmichael)
053953,PLEASANT GROVE HIGH SCHOOL,Elk Grove,Sacramento,34673140108753,3467314,Elk Grove Unified,0,446.9867131198018,2.0,68.16666666666667,555.3333333333334,5,5,5.0,,Pleasant Grove High (Elk Grove)
050394,REX & MARGARET FORTUNE ECHS,Elk Grove,Sacramento,34103480136275,3410348,Sacramento County Office of Education,0,454.10227247494964,,9.0,38.0,5,5,5.0,,Rex & Margaret Fortune Echs (Elk Grove)
052730,RIO AMERICANO HIGH SCHOOL,Sacramento,Sacramento,34674473436714,3467447,San Juan Unified,0,456.51808334812284,2.0,65.4375,406.875,5,5,5.0,,Rio Americano High (Sacramento)
052643,RIO LINDA SENIOR HIGH SCHOOL,Rio Linda,Sacramento,34765053436979,3476505,Twin Rivers Unified,0,464.89309405593616,1.0,10.458333333333334,364.0,5,5,5.0,,Rio Linda Senior High (Rio Linda)
053927,ROSEMONT HIGH SCHOOL,Sacramento,Sacramento,34674390101972,3467439,Sacramento City Unified,0,454.00449438248586,0.0,15.222222222222221,344.94444444444446,5,5,5.0,,Rosemont High (Sacramento)
052735,SACRAMENTO HIGH SCHOOL,Sacramento,Sacramento,34674390102038,3467439,Sacramento City Unified,0,458.40882820192974,0.0,14.517241379310345,166.85,5,5,5.0,,Sacramento High (Sacramento)
053012,SACRAMENTO NEW TECHNOLOGY HS,Sacramento,Sacramento,34674390101881,3467439,Sacramento City Unified,0,457.2216677960099,,7.0,62.0,5,5,5.0,,Sacramento New Technology Hs (Sacramento)
050582,SAN JUAN HIGH SCHOOL,Citrus Heights,Sacramento,34674473438504,3467447,San Juan Unified,0,460.4256167783621,,7.444444444444445,164.44444444444446,5,5,5.0,,San Juan High (Citrus Heights)
054286,SCHOOL OF ENGINEERING & SCIENCES,Sacramento,Sacramento,34674390114546,3467439,Sacramento City Unified,0,456.709566177048,1.0,7.5,53.0,5,5,5.0,,School Of Engineering & Sciences (Sacramento)
052792,SHELDON HIGH SCHOOL,Sacramento,Sacramento,34673143430618,3467314,Elk Grove Unified,0,449.0266749124486,1.0,43.03846153846154,602.8846153846154,5,5,5.0,,Sheldon High (Sacramento)
054889,UMOJA INTERNATIONAL ACADEMY,Sacramento,Sacramento,34674396061832,3467439,Sacramento City Unified,0,457.82861611193914,,7.0,35.333333333333336,5,5,5.0,,Umoja International Academy (Sacramento)
052736,VALLEY HIGH SCHOOL,Sacramento,Sacramento,34673143430170,3467314,Elk Grove Unified,0,451.4027792198404,0.0,18.774193548387096,401.03225806451616,5,5,5.0,,Valley High (Sacramento)
050591,VISIONS IN EDUCATION,Carmichael,Sacramento,34674473430717,3467447,San Juan Unified,0,455.7251849674098,0.0,11.166666666666666,1093.5,5,5,5.0,,Visions In Education (Carmichael)
054166,VISTA DEL LAGO HIGH SCHOOL,Folsom,Sacramento,34673300113571,3467330,Folsom-Cordova Unified,0,454.09499480226606,2.0,80.125,393.4375,5,5,5.0,,Vista Del Lago High (Folsom)
052728,WEST CAMPUS HIGH SCHOOL,Sacramento,Sacramento,34674393430865,3467439,Sacramento City Unified,0,455.94996424196813,2.0,33.64,199.7826086956522,5,5,5.0,,West Campus High (Sacramento)
055057,WESTLAKE CHARTER HIGH SCHOOL,Sacramento,Sacramento,34752830108860,3475283,Natomas Unified,0,467.06277309000365,,27.0,113.0,5,5,5.0,,Westlake Charter High (Sacramento)
053133,ANZAR HIGH SCHOOL,San Juan Bautista,San Benito,35752593530060,3575259,Aromas - San Juan Unified,0,369.26553968246134,1.0,6.375,79.875,5,5,5.0,,Anzar High (San Juan Bautista)
051180,HOLLISTER HIGH SCHOOL,Hollister,San Benito,35675383537008,3567538,San Benito High,0,361.56810766389054,1.0,27.125,624.4375,5,5,5.0,,Hollister High (Hollister)
050944,A B MILLER HIGH SCHOOL,Fontana,San Bernardino,36677103630555,3667710,Fontana Unified,0,87.2526207317293,1.0,21.46875,612.21875,5,5,4.0,,A B Miller High (Fontana)
050126,ACADEMY FOR ACADEMIC EXCELLENCE,Apple Valley,San Bernardino,36750773631207,3675077,Apple Valley Unified,0,114.22088201301825,2.0,13.38888888888889,95.22222222222223,5,5,5.0,,Academy For Academic Excellence (Apple Valley)
051123,ACADEMY OF CAREERS AND EXPLORA,Helendale,San Bernardino,36677360116723,3667736,Helendale Elementary,0,128.34398976639716,1.0,6.5,65.5,5,5,5.0,,Academy Of Careers And Explora (Helendale)
054672,ADELANTO HIGH SCHOOL,Adelanto,San Bernardino,36679340125419,3667934,Victor Valley Union High,0,114.69624259252284,0.0,30.363636363636363,436.09090909090907,5,5,5.0,,Adelanto High (Adelanto)
050077,ALTA LOMA HIGH SCHOOL,Alta Loma,San Bernardino,36676523630225,3667652,Chaffey Joint Union High,0,88.49288284089558,2.0,39.375,618.8125,5,5,4.0,,Alta Loma High (Alta Loma)
050118,APPLE VALLEY HIGH SCHOOL,Apple Valley,San Bernardino,36750773630423,3675077,Apple Valley Unified,0,109.657823405449,0.0,24.6875,507.84375,5,5,5.0,,Apple Valley High (Apple Valley)
052948,ARROYO VALLEY HIGH SCHOOL,San Bernardino,San Bernardino,36678763631082,3667876,San Bernardino City Unified,0,85.96229871260724,0.0,36.09090909090909,554.0454545454545,5,5,4.0,,Arroyo Valley High (San Bernardino)
050235,BARSTOW HIGH SCHOOL,Barstow,San Bernardino,36676113630803,3667611,Barstow Unified,0,139.68068786108444,0.0,9.5,325.4642857142857,5,5,5.0,,Barstow High (Barstow)
050330,BIG BEAR HIGH SCHOOL,Big Bear City,San Bernardino,36676373631066,3667637,Bear Valley Unified,0,97.28271844199666,0.0,9.777777777777779,191.92592592592592,5,5,4.0,,Big Bear High (Big Bear City)
050348,BLOOMINGTON HIGH SCHOOL,Bloomington,San Bernardino,36676863631322,3667686,Colton Joint Unified,0,82.08334853945014,0.0,28.071428571428573,504.5357142857143,5,5,4.0,,Bloomington High (Bloomington)
052773,CAJON HIGH SCHOOL,San Bernardino,San Bernardino,36678763632221,3667876,San Bernardino City Unified,0,89.61510519752343,1.0,40.75,534.25,5,5,4.0,,Cajon High (San Bernardino)
054637,CHAFFEY DISTRICT ONLINE HS,Ontario,San Bernardino,36676520126243,3667652,Chaffey Joint Union High,0,86.32829682552641,1.0,5.666666666666667,32.666666666666664,5,5,4.0,,Chaffey District Online Hs (Ontario)
052275,CHAFFEY HIGH SCHOOL,Ontario,San Bernardino,36676523632205,3667652,Chaffey Joint Union High,0,86.3612359886882,1.0,24.1875,757.0,5,5,4.0,,Chaffey High (Ontario)
050555,CHINO HIGH SCHOOL,Chino,San Bernardino,36676783632502,3667678,Chino Valley Unified,0,83.25025259506121,1.0,28.0,571.8125,5,5,4.0,,Chino High (Chino)
050564,CHINO HILLS HIGH SCHOOL,Chino Hills,San Bernardino,36676783631017,3667678,Chino Valley Unified,0,78.9464586505104,2.0,112.04761904761905,682.0,5,5,4.0,,Chino Hills High (Chino Hills)
054331,CITRUS VALLEY HIGH SCHOOL,Redlands,San Bernardino,36678430118802,3667843,Redlands Unified,0,83.01109104921751,2.0,52.42857142857143,513.8571428571429,5,5,4.0,,Citrus Valley High (Redlands)
054719,COBALT INSTITUTE OF MATH & SCIENCE,Victorville,San Bernardino,36679346114698,3667934,Victor Valley Union High,0,112.39201747049025,1.0,34.0,120.2,5,5,5.0,,Cobalt Institute Of Math & Science (Victorville)
052384,COLONY HIGH SCHOOL,Ontario,San Bernardino,36676523631157,3667652,Chaffey Joint Union High,0,81.02551059694284,1.0,35.714285714285715,504.1904761904762,5,5,4.0,,Colony High (Ontario)
050640,COLTON HIGH SCHOOL,Colton,San Bernardino,36676863632742,3667686,Colton Joint Unified,0,82.32079689952215,0.0,22.677419354838708,551.8064516129032,5,5,4.0,,Colton High (Colton)
050566,DON ANTONIO LUGO HIGH SCHOOL,Chino,San Bernardino,36676783630035,3667678,Chino Valley Unified,0,82.8316597753261,1.0,18.516129032258064,470.258064516129,5,5,4.0,,Don Antonio Lugo High (Chino)
052622,EISENHOWER HIGH SCHOOL,Rialto,San Bernardino,36678503633005,3667850,Rialto Unified,0,86.39288395816371,0.0,26.483870967741936,542.4516129032259,5,5,4.0,,Eisenhower High (Rialto)
054307,ENCORE JR/SR HIGH SCHOOL,Hesperia,San Bernardino,36750440116707,3675044,Hesperia Unified,0,108.09650923711831,0.0,8.375,123.75,5,5,5.0,,Encore Jr/Sr High (Hesperia)
055005,ENTREPENEUR HIGH SCHL FONTANA,Fontana,San Bernardino,36103630140012,3610363,San Bernardino County Office of Education,0,86.00989983574574,,5.0,130.0,5,5,4.0,,Entrepeneur High Schl Fontana (Fontana)
052744,ENTREPRENEUR HIGH SCHOOL,Highland,San Bernardino,36678760136952,3667876,San Bernardino City Unified,0,86.69683837213469,,10.0,120.66666666666667,5,5,4.0,,Entrepreneur High (Highland)
050888,ETIWANDA HIGH SCHOOL,Etiwanda,San Bernardino,36676523630373,3667652,Chaffey Joint Union High,0,87.8568586867732,2.0,65.90625,745.46875,5,5,4.0,,Etiwanda High (Etiwanda)
053686,EXCELSIOR CHARTER SCHL VICTORVILLE,Victorville,San Bernardino,36103633630761,3610363,San Bernardino County Office of Education,0,109.93467483736357,,9.76923076923077,334.2857142857143,5,5,5.0,,Excelsior Charter Schl Victorville (Victorville)
050945,FONTANA HIGH SCHOOL,Fontana,San Bernardino,36677103633302,3667710,Fontana Unified,0,84.03113390094076,0.0,39.03125,689.46875,5,5,4.0,,Fontana High (Fontana)
054606,GRAND TERRACE HIGH SCHOOL,Grand Terrace,San Bernardino,36676860125500,3667686,Colton Joint Unified,0,78.9083203183087,0.0,36.583333333333336,450.25,5,5,4.0,,Grand Terrace High (Grand Terrace)
050134,GRANITE HILLS HIGH SCHOOL,Apple Valley,San Bernardino,36750773630894,3675077,Apple Valley Unified,0,112.55589421519655,0.0,22.88,415.28,5,5,5.0,,Granite Hills High (Apple Valley)
054940,GRANITE MOUNTAIN CHARTER,Lucerne Valley,San Bernardino,36750510139188,3675051,Lucerne Valley Unified,0,107.40304866657621,,6.0,113.0,5,5,5.0,,Granite Mountain Charter (Lucerne Valley)
052928,GROVE HIGH SCHOOL,Redlands,San Bernardino,36678433630928,3667843,Redlands Unified,0,81.1221091026755,2.0,8.0,32.583333333333336,5,5,4.0,,Grove High (Redlands)
050942,HENRY J KAISER HIGH SCHOOL,Fontana,San Bernardino,36677103630902,3667710,Fontana Unified,0,82.25713668884231,0.0,38.208333333333336,548.1666666666666,5,5,4.0,,Henry J Kaiser High (Fontana)
051168,HESPERIA HIGH SCHOOL,Hesperia,San Bernardino,36750443630407,3675044,Hesperia Unified,0,107.33161498504613,0.0,21.814814814814813,481.3703703703704,5,5,5.0,,Hesperia High (Hesperia)
054605,INDIAN SPRINGS HIGH SCHOOL,San Bernardino,San Bernardino,36678760125450,3667876,San Bernardino City Unified,0,85.07381567064574,0.0,53.18181818181818,372.8181818181818,5,5,4.0,,Indian Springs High (San Bernardino)
051243,INNOVATION HIGH SCHOOL ALTA VISTA,Hesperia,San Bernardino,36750510136432,3675051,Lucerne Valley Unified,0,109.82445880799642,,5.0,205.0,5,5,5.0,,Innovation High Alta Vista (Hesperia)
051268,JURUPA HILLS HIGH SCHOOL,Fontana,San Bernardino,36677100120758,3667710,Fontana Unified,0,82.46290627527284,0.0,40.61538461538461,451.84615384615387,5,5,4.0,,Jurupa Hills High (Fontana)
052987,LOS OSOS HIGH SCHOOL,Rancho Cucamonga,San Bernardino,36676523631058,3667652,Chaffey Joint Union High,0,89.26739573473752,2.0,134.76190476190476,758.8571428571429,5,5,4.0,,Los Osos High (Rancho Cucamonga)
051449,LUCERNE VALLEY HIGH SCHOOL,Lucerne Valley,San Bernardino,36750513630563,3675051,Lucerne Valley Unified,0,110.37086547830162,0.0,5.0,43.0,5,5,5.0,,Lucerne Valley High (Lucerne Valley)
052949,MIDDLE COLLEGE HIGH SCHOOL,San Bernardino,San Bernardino,36678763631090,3667876,San Bernardino City Unified,0,83.74561817160772,2.0,18.789473684210527,56.526315789473685,5,5,4.0,,Middle College High (San Bernardino)
054315,MIRUS SECONDARY SCHOOL,Hesperia,San Bernardino,36750440114389,3675044,Hesperia Unified,0,107.01524448629142,,5.0,34.0,5,5,5.0,,Mirus Secondary School (Hesperia)
052018,MONTCLAIR HIGH SCHOOL,Montclair,San Bernardino,36676523633906,3667652,Chaffey Joint Union High,0,86.78990038325392,1.0,39.75,641.3125,5,5,4.0,,Montclair High (Montclair)
054316,OAK HILLS HIGH SCHOOL,Oak Hills,San Bernardino,36750440119115,3675044,Hesperia Unified,0,104.62324503079672,0.0,41.8,542.7333333333333,5,5,5.0,,Oak Hills High (Oak Hills)
052274,ONTARIO HIGH SCHOOL,Ontario,San Bernardino,36676523634482,3667652,Chaffey Joint Union High,0,83.98063170356745,1.0,29.53125,576.5625,5,5,4.0,,Ontario High (Ontario)
251237,OPTIONS FOR YOUTH - ACTON-FONTANA 2,Fontana,San Bernardino,19753090136648,1975309,Acton-Agua Dulce Unified,0,82.53797057609722,,11.666666666666666,325.0,5,5,4.0,,Options For Youth - Acton-Fontana 2 (Fontana)
054453,OPTIONS FOR YOUTH - SAN BERNAR,San Bernardino,San Bernardino,36678760120568,3667876,San Bernardino City Unified,0,83.1795311853998,,6.5,108.5,5,5,4.0,,Options For Youth - San Bernar (San Bernardino)
051189,OPTIONS FOR YOUTH CHARTER SCH,Hesperia,San Bernardino,36679343630670,3667934,Victor Valley Union High,0,110.13461201573305,,5.0,613.0,5,5,5.0,,Options For Youth Charter Sch (Hesperia)
352429,OPTIONS FOR YOUTH-VICTOR VLY-VCTVL3,Victorville,San Bernardino,36679343630670,3667934,Victor Valley Union High,0,110.13461201573305,,6.333333333333333,581.0,5,5,5.0,,Options For Youth-Victor Vly-Vctvl3 (Victorville)
052790,PACIFIC HIGH SCHOOL,San Bernardino,San Bernardino,36678763634680,3667876,San Bernardino City Unified,0,86.28925619327511,0.0,15.8125,346.78125,5,5,4.0,,Pacific High (San Bernardino)
054223,PUBLIC SAFETY ACADEMY,San Bernardino,San Bernardino,36678760109850,3667876,San Bernardino City Unified,0,84.27679368973111,1.0,6.5,49.5,5,5,4.0,,Public Safety Academy (San Bernardino)
052546,RANCHO CUCAMONGA HIGH SCHOOL,Rancho Cucamonga,San Bernardino,36676523630571,3667652,Chaffey Joint Union High,0,88.4011501989429,2.0,78.40625,705.21875,5,5,4.0,,Rancho Cucamonga High (Rancho Cucamonga)
052572,REDLANDS EAST VALLEY HS,Redlands,San Bernardino,36678433630779,3667843,Redlands Unified,0,81.8379805196042,2.0,51.25925925925926,607.7037037037037,5,5,4.0,,Redlands East Valley Hs (Redlands)
052590,REDLANDS HIGH SCHOOL,Redlands,San Bernardino,36678433635042,3667843,Redlands Unified,0,81.28603498009615,2.0,74.09375,688.75,5,5,4.0,,Redlands High (Redlands)
052629,RIALTO HIGH SCHOOL,Rialto,San Bernardino,36678503630597,3667850,Rialto Unified,0,85.29581166442084,0.0,44.87096774193548,647.0,5,5,4.0,,Rialto High (Rialto)
051340,RIM OF THE WORLD HIGH SCHOOL,Lake Arrowhead,San Bernardino,36678683635265,3667868,Rim of the World Unified,0,93.37910177948899,1.0,16.78125,308.4375,5,5,4.0,,Rim Of The World High (Lake Arrowhead)
054241,RIVERSIDE PREPARATORY,Oro Grande,San Bernardino,36678270113928,3667827,Oro Grande,0,118.69349471241966,1.0,11.0,154.5,5,5,5.0,,Riverside Preparatory (Oro Grande)
050563,RUBEN S AYALA HIGH SCHOOL,Chino Hills,San Bernardino,36676783630522,3667678,Chino Valley Unified,0,82.18028162704509,2.0,121.71875,683.71875,5,5,4.0,,Ruben S Ayala High (Chino Hills)
051664,SAGE OAK CHARTER,Redlands,San Bernardino,36677360136069,3667736,Helendale Elementary,0,80.16154361431812,,6.666666666666667,127.33333333333333,5,5,4.0,,Sage Oak Charter (Redlands)
051443,SAGE OAK CHARTER SCHOOL KEPPEL,Redlands,San Bernardino,19646420136127,1964642,Keppel Union Elementary,0,80.16154361431812,,7.0,6.0,5,5,4.0,,Sage Oak Charter School Keppel (Redlands)
052797,SAN BERNARDINO HIGH SCHOOL,San Bernardino,San Bernardino,36678763635844,3667876,San Bernardino City Unified,0,86.55187191696035,0.0,16.310344827586206,363.2068965517241,5,5,4.0,,San Bernardino High (San Bernardino)
052798,SAN GORGONIO HIGH SCHOOL,San Bernardino,San Bernardino,36678763636081,3667876,San Bernardino City Unified,0,86.25998751296412,0.0,28.59375,441.375,5,5,4.0,,San Gorgonio High (San Bernardino)
052437,SERRANO HIGH SCHOOL,Phelan,San Bernardino,36739573630233,3673957,Snowline Joint Unified,0,107.87111322973556,1.0,22.379310344827587,453.41379310344826,5,5,5.0,,Serrano High (Phelan)
050711,SILVER VALLEY HIGH SCHOOL,Yermo,San Bernardino,36738903630274,3673890,Silver Valley Unified,0,140.64435020898898,,6.0,86.5,5,5,5.0,,Silver Valley High (Yermo)
053682,SILVERADO HIGH SCHOOL,Victorville,San Bernardino,36679343630787,3667934,Victor Valley Union High,0,112.48373952090245,0.0,25.53846153846154,606.5384615384615,5,5,5.0,,Silverado High (Victorville)
051187,SULTANA HIGH SCHOOL,Hesperia,San Bernardino,36750443630746,3675044,Hesperia Unified,0,105.86271821951503,1.0,19.962962962962962,481.9259259259259,5,5,5.0,,Sultana High (Hesperia)
050897,SUMMIT HIGH SCHOOL,Fontana,San Bernardino,36677100108191,3667710,Fontana Unified,0,88.77354261406366,1.0,56.1764705882353,595.1176470588235,5,5,4.0,,Summit High (Fontana)
053575,TWENTYNINE PALMS HIGH SCHOOL,Twentynine Palms,San Bernardino,36677773636743,3667777,Morongo Unified,0,109.84350167189532,1.0,8.842105263157896,175.57894736842104,5,5,5.0,,Twentynine Palms High (Twentynine Palms)
054101,UNIVERSITY PREPARATORY,Victorville,San Bernardino,36679340110064,3667934,Victor Valley Union High,0,113.08538738516863,2.0,56.4375,158.125,5,5,5.0,,University Preparatory (Victorville)
053586,UPLAND HIGH SCHOOL,Upland,San Bernardino,36750693637584,3675069,Upland Unified,0,87.93875916680801,1.0,76.5625,763.1875,5,5,4.0,,Upland High (Upland)
053660,VICTOR VALLEY HIGH SCHOOL,Victorville,San Bernardino,36679343638012,3667934,Victor Valley Union High,0,114.00485926313459,0.0,19.0,479.71875,5,5,5.0,,Victor Valley High (Victorville)
053855,WILMER AMINA CARTER HS,Rialto,San Bernardino,36678500102830,3667850,Rialto Unified,0,88.09842273752031,0.0,40.3,559.9,5,5,4.0,,Wilmer Amina Carter Hs (Rialto)
053820,YUCAIPA SENIOR HIGH SCHOOL,Yucaipa,San Bernardino,36679593638509,3667959,Yucaipa-Calimesa Joint Unified,0,80.18271219086641,1.0,31.25,597.8125,5,5,4.0,,Yucaipa Senior High (Yucaipa)
053818,YUCCA VALLEY HIGH SCHOOL,Yucca Valley,San Bernardino,36677773638616,3667777,Morongo Unified,0,97.20570415065741,0.0,11.166666666666666,302.5,5,5,4.0,,Yucca Valley High (Yucca Valley)
052910,ABRAHAM LINCOLN HIGH SCHOOL,San Francisco,San Francisco,38684783833241,3868478,San Francisco Unified,0,447.73416441254784,2.0,102.21875,491.5625,5,5,5.0,,Abraham Lincoln High (San Francisco)
054439,ACADEMY-SAN FRAN @ MCATEER,San Francisco,San Francisco,38684780119958,3868478,San Francisco Unified,0,446.50030944257827,0.0,10.857142857142858,75.85714285714286,5,5,5.0,,Academy-San Fran @ Mcateer (San Francisco)
052916,BALBOA HIGH SCHOOL,San Francisco,San Francisco,38684783830288,3868478,San Francisco Unified,0,444.91710836760365,2.0,55.11538461538461,268.2307692307692,5,5,5.0,,Balboa High (San Francisco)
054047,CITY ARTS AND LEADERSHIP ACADEMY,San Francisco,San Francisco,38684780107300,3868478,San Francisco Unified,0,445.0869807335022,0.0,10.0,94.8,5,5,5.0,,City Arts And Leadership Academy (San Francisco)
052945,GALILEO ACAD OF SCIENCE & TECH,San Francisco,San Francisco,38684783831765,3868478,San Francisco Unified,0,448.4773474272152,2.0,86.06451612903226,405.48387096774195,5,5,5.0,,Galileo Acad Of Science & Tech (San Francisco)
052947,GATEWAY HIGH SCHOOL,San Francisco,San Francisco,38684783830437,3868478,San Francisco Unified,0,447.943664507164,2.0,21.833333333333332,106.70833333333333,5,5,5.0,,Gateway High (San Francisco)
052950,GEORGE WASHINGTON HIGH SCHOOL,San Francisco,San Francisco,38684783839081,3868478,San Francisco Unified,0,449.6784481737193,2.0,114.28125,512.53125,5,5,5.0,,George Washington High (San Francisco)
052998,INDEPENDENCE HIGH SCHOOL,San Francisco,San Francisco,38684783830197,3868478,San Francisco Unified,0,447.8950441318655,1.0,6.4,71.4,5,5,5.0,,Independence High (San Francisco)
052956,INTERNATIONAL STUDIES ACADEMY,San Francisco,San Francisco,38684783830353,3868478,San Francisco Unified,0,445.49999154844255,0.0,7.111111111111111,90.33333333333333,5,5,5.0,,International Studies Academy (San Francisco)
052995,J EUGENE MCATEER HIGH SCHOOL,San Francisco,San Francisco,38684783830072,3868478,San Francisco Unified,0,,,8.666666666666666,230.5,5,5,,,J Eugene Mcateer High (San Francisco)
052960,JOHN O'CONNELL HIGH SCHOOL,San Francisco,San Francisco,38684783834769,3868478,San Francisco Unified,0,445.89582050760356,0.0,8.375,117.125,5,5,5.0,,John O'Connell High (San Francisco)
053884,JUNE JORDAN SCHOOL FOR EQUITY,San Francisco,San Francisco,38684780102103,3868478,San Francisco Unified,0,444.27959189671435,0.0,7.0,57.9,5,5,5.0,,June Jordan School For Equity (San Francisco)
054816,KIPP SAN FRANCISCO COLG PREP,San Francisco,San Francisco,38684780127530,3868478,San Francisco Unified,0,443.3143836691091,2.0,11.125,82.625,5,5,5.0,,Kipp San Francisco Colg Prep (San Francisco)
052968,LEADERSHIP HIGH SCHOOL,San Francisco,San Francisco,38684783830411,3868478,San Francisco Unified,0,445.10221481099825,0.0,8.125,70.8125,5,5,5.0,,Leadership High (San Francisco)
052970,LOWELL HIGH SCHOOL,San Francisco,San Francisco,38684783833407,3868478,San Francisco Unified,0,446.9967581850951,2.0,332.96875,662.5,5,5,5.0,,Lowell High (San Francisco)
053947,MARIN SCHOOL OF ARTS & TECH,San Francisco,San Francisco,38684780109769,3868478,San Francisco Unified,0,,,8.0,0.0,5,5,,,Marin School Of Arts & Tech (San Francisco)
052980,MISSION SENIOR HIGH SCHOOL,San Francisco,San Francisco,38684783834082,3868478,San Francisco Unified,0,446.45068116159143,0.0,29.73076923076923,230.07692307692307,5,5,5.0,,Mission Senior High (San Francisco)
052994,PHILLIP & SALA BURTON ACAD HS,San Francisco,San Francisco,38684783830254,3868478,San Francisco Unified,0,443.55838689314527,0.0,34.32258064516129,267.93548387096774,5,5,5.0,,Phillip & Sala Burton Acad Hs (San Francisco)
052999,RAOUL WALLENBERG TRADITIONAL,San Francisco,San Francisco,38684783830205,3868478,San Francisco Unified,0,448.08839320230055,2.0,31.03125,153.15625,5,5,5.0,,Raoul Wallenberg Traditional (San Francisco)
053033,RUTH ASAWA SCHOOL OF THE ARTS,San Francisco,San Francisco,38684783830387,3868478,San Francisco Unified,0,446.50030944257827,2.0,32.724137931034484,153.0,5,5,5.0,,Ruth Asawa School Of The Arts (San Francisco)
054515,SAN FRANCISCO INTERNATIONAL HS,San Francisco,San Francisco,38684780119875,3868478,San Francisco Unified,0,445.48478269231794,0.0,10.333333333333334,85.0,5,5,5.0,,San Francisco International Hs (San Francisco)
053066,THURGOOD MARSHALL ACADEMIC HS,San Francisco,San Francisco,38684783830403,3868478,San Francisco Unified,0,444.2049861253939,0.0,18.357142857142858,158.82142857142858,5,5,5.0,,Thurgood Marshall Academic Hs (San Francisco)
054651,ABLE CHARTER,Stockton,San Joaquin,39686270126755,3968627,New Jerusalem Elementary,0,422.3440090168034,,5.666666666666667,68.66666666666667,5,5,5.0,,Able Charter (Stockton)
053843,ASPIRE BENJAMIN HOLT COLG PREP,Stockton,San Joaquin,39685850101956,3968585,Lodi Unified,0,422.57907840200284,2.0,14.4,95.13333333333334,5,5,5.0,,Aspire Benjamin Holt Colg Prep (Stockton)
054460,ASPIRE LANGSTON HUGHES ACADEMY,Stockton,San Joaquin,39686760118497,3968676,Stockton Unified,0,419.2472731208204,1.0,10.181818181818182,75.36363636363636,5,5,5.0,,Aspire Langston Hughes Academy (Stockton)
053436,BEAR CREEK HIGH SCHOOL,Stockton,San Joaquin,39685853930237,3968585,Lodi Unified,0,425.7227908496605,1.0,19.75,461.28125,5,5,5.0,,Bear Creek High (Stockton)
054139,CA ONLINE PUBLIC SCH CENTRAL VALLEY,Ripon,San Joaquin,54718030112458,5471803,Alpaugh Unified,0,244.30373622178598,,12.0,111.0,5,5,5.0,,Ca Online Public Sch Central Valley (Ripon)
054952,CA ONLINE PUBLIC SCH MONTEREY BAY,Ripon,San Joaquin,44754320139410,4475432,Scotts Valley Unified,0,395.3604600570746,,7.5,85.0,5,5,5.0,,Ca Online Public Sch Monterey Bay (Ripon)
054643,CA ONLINE PUBLIC SCH NORTHERN CA,Ripon,San Joaquin,39686500125849,3968650,Ripon Unified,0,401.62288193547954,1.0,12.5,216.375,5,5,5.0,,Ca Online Public Sch Northern Ca (Ripon)
054786,CA ONLINE PUBLIC SCHOOLS NORTH BAY,Ripon,San Joaquin,17640550129601,1764055,Middletown Unified,0,505.4695430753675,,5.0,26.0,5,5,5.0,,Ca Online Public Schools North Bay (Ripon)
053966,CESAR CHAVEZ HIGH SCHOOL,Stockton,San Joaquin,39686760108159,3968676,Stockton Unified,0,421.0120716711078,0.0,17.833333333333332,533.7222222222222,5,5,5.0,,Cesar Chavez High (Stockton)
053728,DELTA CHARTER HIGH SCHOOL,Tracy,San Joaquin,39686276119309,3968627,New Jerusalem Elementary,0,403.2578311761883,,5.0,180.0,5,5,5.0,,Delta Charter High (Tracy)
051899,EAST UNION HIGH SCHOOL,Manteca,San Joaquin,39685933932001,3968593,Manteca Unified,0,409.0993601549091,0.0,10.423076923076923,358.5,5,5,5.0,,East Union High (Manteca)
053420,EDISON SENIOR HIGH SCHOOL,Stockton,San Joaquin,39686763932100,3968676,Stockton Unified,0,417.3644829062676,0.0,12.96875,483.40625,5,5,5.0,,Edison Senior High (Stockton)
050870,ESCALON HIGH SCHOOL,Escalon,San Joaquin,39685023932308,3968502,Escalon Unified,0,400.4202296706391,1.0,7.5,205.0,5,5,5.0,,Escalon High (Escalon)
053425,FRANKLIN HIGH SCHOOL,Stockton,San Joaquin,39686763932654,3968676,Stockton Unified,0,417.7490861696938,0.0,15.785714285714286,465.85714285714283,5,5,5.0,,Franklin High (Stockton)
054631,HEALTH CAREERS ACADEMY HS,Stockton,San Joaquin,39686760123802,3968676,Stockton Unified,0,418.7671389481783,1.0,10.8,99.5,5,5,5.0,,Health Careers Academy Hs (Stockton)
054375,JOHN C KIMBALL HIGH SCHOOL,Tracy,San Joaquin,39754990119040,3975499,Tracy Joint Unified,0,411.73596222966285,1.0,40.42857142857143,400.2142857142857,5,5,5.0,,John C Kimball High (Tracy)
054267,LATHROP HIGH SCHOOL,Lathrop,San Joaquin,39685930116376,3968593,Manteca Unified,0,411.4731738088549,1.0,16.714285714285715,304.0,5,5,5.0,,Lathrop High (Lathrop)
053430,LINCOLN HIGH SCHOOL,Stockton,San Joaquin,39685693933801,3968569,Lincoln Unified,0,423.0408539824547,1.0,45.34375,596.0,5,5,5.0,,Lincoln High (Stockton)
051410,LINDEN HIGH SCHOOL,Linden,San Joaquin,39685773933959,3968577,Linden Unified,0,416.1506195430329,0.0,7.466666666666667,165.13333333333333,5,5,5.0,,Linden High (Linden)
051441,LODI HIGH SCHOOL,Lodi,San Joaquin,39685853934783,3968585,Lodi Unified,0,428.6537607566769,1.0,19.870967741935484,475.7096774193548,5,5,5.0,,Lodi High (Lodi)
051900,MANTECA HIGH SCHOOL,Manteca,San Joaquin,39685933935103,3968593,Manteca Unified,0,406.9606544952601,0.0,12.25,358.75,5,5,5.0,,Manteca High (Manteca)
053532,MERRILL F WEST HIGH SCHOOL,Tracy,San Joaquin,39754993930302,3975499,Tracy Joint Unified,0,411.64107840918075,1.0,24.766666666666666,542.9642857142857,5,5,5.0,,Merrill F West High (Tracy)
053599,MIDDLE COLLEGE HIGH SCHOOL,Stockton,San Joaquin,39685853930443,3968585,Lodi Unified,0,421.4920301167904,2.0,16.444444444444443,60.55555555555556,5,5,5.0,,Middle College High (Stockton)
054020,MILLENNIUM HIGH SCHOOL,Tracy,San Joaquin,39754990102392,3975499,Tracy Joint Unified,0,410.7675599038648,1.0,13.615384615384615,115.53846153846153,5,5,5.0,,Millennium High (Tracy)
054813,MOUNTAIN HOUSE HIGH SCHOOL,Mountain House,San Joaquin,39767600128967,3976760,Lammersville Joint Unified,0,415.0985337533134,2.0,113.22222222222223,375.55555555555554,5,5,5.0,,Mountain House High (Mountain House)
053952,PACIFIC LAW ACADEMY,Stockton,San Joaquin,39686760124248,3968676,Stockton Unified,0,421.0602256765837,,7.0,42.0,5,5,5.0,,Pacific Law Academy (Stockton)
052650,RIPON HIGH SCHOOL,Ripon,San Joaquin,39686503935756,3968650,Ripon Unified,0,401.19909091584606,1.0,10.0,212.4,5,5,5.0,,Ripon High (Ripon)
053958,RONALD E MCNAIR HIGH SCHOOL,Stockton,San Joaquin,39685850108225,3968585,Lodi Unified,0,423.49520173043226,0.0,22.666666666666668,431.3333333333333,5,5,5.0,,Ronald E Mcnair High (Stockton)
051903,SIERRA HIGH SCHOOL,Manteca,San Joaquin,39685933930310,3968593,Manteca Unified,0,407.7315509537517,1.0,14.56,363.76,5,5,5.0,,Sierra High (Manteca)
053442,STAGG HIGH SCHOOL,Stockton,San Joaquin,39686763937406,3968676,Stockton Unified,0,420.8738938773556,0.0,8.615384615384615,431.9230769230769,5,5,5.0,,Stagg High (Stockton)
054424,STOCKTON COLLEGIATE INTL HIGH SCHOO,Stockton,San Joaquin,39686760119784,3968676,Stockton Unified,0,418.2981290984529,0.0,9.666666666666666,121.44444444444444,5,5,5.0,,Stockton Collegiate Intl High Schoo (Stockton)
054411,STOCKTON EARLY COLLEGE ACADEMY,Stockton,San Joaquin,39686760119743,3968676,Stockton Unified,0,419.0367492730006,2.0,23.846153846153847,90.84615384615384,5,5,5.0,,Stockton Early College Academy (Stockton)
051440,TOKAY HIGH SCHOOL,Lodi,San Joaquin,39685853934759,3968585,Lodi Unified,0,426.9819390615119,0.0,20.5625,499.6875,5,5,5.0,,Tokay High (Lodi)
053525,TRACY HIGH SCHOOL,Tracy,San Joaquin,39754993938008,3975499,Tracy Joint Unified,0,410.3779380104495,1.0,30.75,473.35714285714283,5,5,5.0,,Tracy High (Tracy)
053941,VENTURE ACADEMY,Stockton,San Joaquin,39103973930476,3910397,San Joaquin County Office of Education,0,413.840263131893,0.0,7.0,255.125,5,5,5.0,,Venture Academy (Stockton)
053579,WEBER INSTITUTE OF APPLIED SCIENCES,Stockton,San Joaquin,39686763930427,3968676,Stockton Unified,0,418.3885010400185,0.0,7.0,89.5,5,5,5.0,,Weber Institute Of Applied Sciences (Stockton)
053839,WESTON RANCH HIGH SCHOOL,Stockton,San Joaquin,39685930101576,3968593,Manteca Unified,0,415.8499029733758,0.0,10.352941176470589,274.88235294117646,5,5,5.0,,Weston Ranch High (Stockton)
050150,ARROYO GRANDE HIGH SCHOOL,Arroyo Grande,San Luis Obispo,40687594030557,4068759,Lucia Mar Unified,0,245.90679605347205,1.0,45.71875,528.1875,5,5,5.0,,Arroyo Grande High (Arroyo Grande)
050165,ATASCADERO HIGH SCHOOL,Atascadero,San Luis Obispo,40687004030755,4068700,Atascadero Unified,0,266.3528689215181,1.0,15.10344827586207,326.7586206896552,5,5,5.0,,Atascadero High (Atascadero)
054664,CENTRAL COAST NEW TECH HIGH SC,Nipomo,San Luis Obispo,40687590125328,4068759,Lucia Mar Unified,0,239.0876518696341,2.0,9.11111111111111,68.33333333333333,5,5,5.0,,Central Coast New Tech High Sc (Nipomo)
050440,COAST UNION HIGH SCHOOL,Cambria,San Luis Obispo,40754654032009,4075465,Coast Unified,0,285.7546707241069,0.0,7.857142857142857,64.14285714285714,5,5,5.0,,Coast Union High (Cambria)
052061,MORRO BAY HIGH SCHOOL,Morro Bay,San Luis Obispo,40688094034807,4068809,San Luis Coastal Unified,0,269.73989460942425,2.0,15.689655172413794,202.58620689655172,5,5,5.0,,Morro Bay High (Morro Bay)
052211,NIPOMO HIGH SCHOOL,Nipomo,San Luis Obispo,40687594030268,4068759,Lucia Mar Unified,0,239.26451417141416,0.0,13.2,241.3,5,5,5.0,,Nipomo High (Nipomo)
052425,PASO ROBLES HIGH SCHOOL,Paso Robles,San Luis Obispo,40754574035754,4075457,Paso Robles Joint Unified,0,272.507656300511,2.0,21.70967741935484,433.82142857142856,5,5,5.0,,Paso Robles High (Paso Robles)
053145,SAN LUIS OBISPO HIGH SCHOOL,San Luis Obispo,San Luis Obispo,40688094036703,4068809,San Luis Coastal Unified,0,256.5283902227079,2.0,54.9375,346.65625,5,5,5.0,,San Luis Obispo High (San Luis Obispo)
053500,TEMPLETON HIGH SCHOOL,Templeton,San Luis Obispo,40688414037701,4068841,Templeton Unified,0,270.6267156927448,2.0,13.925925925925926,177.03703703703704,5,5,5.0,,Templeton High (Templeton)
053163,ARAGON HIGH SCHOOL,San Mateo,San Mateo,41690474130217,4169047,San Mateo Union High,0,432.1334698249354,2.0,99.59375,363.96875,5,5,5.0,,Aragon High (San Mateo)
054257,ASPIRE EAST PALO ALTO PHOENIX,East Palo Alto,San Mateo,41690620118232,4169062,Sequoia Union High,0,,,5.0,,5,5,,,Aspire East Palo Alto Phoenix (East Palo Alto)
050410,BURLINGAME HIGH SCHOOL,Burlingame,San Mateo,41690474130472,4169047,San Mateo Union High,0,434.4337322110963,2.0,85.1875,346.125,5,5,5.0,,Burlingame High (Burlingame)
052810,CAPUCHINO HIGH SCHOOL,San Bruno,San Mateo,41690474130738,4169047,San Mateo Union High,0,438.00173187696487,2.0,24.548387096774192,264.4193548387097,5,5,5.0,,Capuchino High (San Bruno)
050270,CARLMONT HIGH SCHOOL,Belmont,San Mateo,41690624130993,4169062,Sequoia Union High,0,428.45194579610956,2.0,126.1875,451.375,5,5,5.0,,Carlmont High (Belmont)
054814,DESIGN TECH HIGH SCHOOL,Redwood City,San Mateo,41690470129759,4169047,San Mateo Union High,0,428.8081822916635,2.0,57.0,128.25,5,5,5.0,,Design Tech High (Redwood City)
052022,EAST PALO ALTO ACADEMY,East Palo Alto,San Mateo,41690620126722,4169062,Sequoia Union High,0,420.31930231384035,0.0,7.0,77.28571428571429,5,5,5.0,,East Palo Alto Academy (East Palo Alto)
053413,EL CAMINO HIGH,South San Francisco,San Mateo,41690704132551,4169070,South San Francisco Unified,0,442.16041286324935,1.0,29.774193548387096,325.96774193548384,5,5,5.0,,El Camino High (South San Francisco)
054429,EVEREST PUBLIC HIGH SCHOOL,Redwood City,San Mateo,41690620119503,4169062,Sequoia Union High,0,423.55418252849506,1.0,13.666666666666666,86.3,5,5,5.0,,Everest Public High (Redwood City)
051120,HALF MOON BAY HIGH SCHOOL,Half Moon Bay,San Mateo,41688904132817,4168890,Cabrillo Unified,0,432.0221514097552,1.0,28.78125,243.71875,5,5,5.0,,Half Moon Bay High (Half Moon Bay)
053165,HILLSDALE HIGH SCHOOL,San Mateo,San Mateo,41690474133070,4169047,San Mateo Union High,0,430.66990731732716,2.0,56.46875,319.625,5,5,5.0,,Hillsdale High (San Mateo)
050720,JEFFERSON HIGH SCHOOL,Daly City,San Mateo,41689244133393,4168924,Jefferson Union High,0,444.5152186145993,0.0,15.681818181818182,281.0,5,5,5.0,,Jefferson High (Daly City)
055010,KIPP ESPERANZA HIGH SCHOOL,East Palo Alto,San Mateo,41690620139915,4169062,Sequoia Union High,0,420.54621629311964,,7.5,64.5,5,5,5.0,,Kipp Esperanza High (East Palo Alto)
050170,MENLO ATHERTON HIGH SCHOOL,Atherton,San Mateo,41690624133716,4169062,Sequoia Union High,0,421.6717080024308,2.0,103.625,462.0625,5,5,5.0,,Menlo Atherton High (Atherton)
051972,MILLS HIGH SCHOOL,Millbrae,San Mateo,41690474134557,4169047,San Mateo Union High,0,436.51332889528214,2.0,102.34375,334.75,5,5,5.0,,Mills High (Millbrae)
052308,OCEANA HIGH SCHOOL,Pacifica,San Mateo,41689244135075,4168924,Jefferson Union High,0,442.3867518861284,2.0,16.79310344827586,137.3448275862069,5,5,5.0,,Oceana High (Pacifica)
052445,PESCADERO HIGH SCHOOL,Pescadero,San Mateo,41689404135331,4168940,La Honda-Pescadero Unified,0,418.4242230812175,,5.666666666666667,27.0,5,5,5.0,,Pescadero High (Pescadero)
053175,SAN MATEO HIGH SCHOOL,San Mateo,San Mateo,41690474136370,4169047,San Mateo Union High,0,433.5327765845431,2.0,78.625,347.40625,5,5,5.0,,San Mateo High (San Mateo)
052605,SEQUOIA HIGH SCHOOL,Redwood City,San Mateo,41690624136693,4169062,Sequoia Union High,0,425.4291581538578,1.0,44.75,415.875,5,5,5.0,,Sequoia High (Redwood City)
053415,SOUTH SAN FRANCISCO HS,South San Francisco,San Mateo,41690704137279,4169070,South San Francisco Unified,0,440.7374696102934,1.0,20.90625,317.28125,5,5,5.0,,South San Francisco Hs (South San Francisco)
053878,SUMMIT PREPARATORY CHARTER HIG,Redwood City,San Mateo,41690620112722,4169062,Sequoia Union High,0,424.4414211591618,2.0,17.526315789473685,95.42105263157895,5,5,5.0,,Summit Preparatory Charter Hig (Redwood City)
054815,SUMMIT PUBLIC SCHOOLS SHASTA,Daly City,San Mateo,41689240127548,4168924,Jefferson Union High,0,443.4889540391109,2.0,35.0,106.55555555555556,5,5,5.0,,Summit Public Schools Shasta (Daly City)
050721,TERRA NOVA HIGH SCHOOL,Pacifica,San Mateo,41689244137535,4168924,Jefferson Union High,0,439.7433669379756,1.0,21.344827586206897,266.55172413793105,5,5,5.0,,Terra Nova High (Pacifica)
054936,TIDE ACADEMY,Menlo Park,San Mateo,41690620138420,4169062,Sequoia Union High,0,422.8651959105379,,16.333333333333332,63.666666666666664,5,5,5.0,,Tide Academy (Menlo Park)
050723,WESTMOOR HIGH SCHOOL,Daly City,San Mateo,41689244137790,4168924,Jefferson Union High,0,444.64317095497825,1.0,38.61290322580645,388.741935483871,5,5,5.0,,Westmoor High (Daly City)
053808,WOODSIDE HIGH SCHOOL,Woodside,San Mateo,41690624138053,4169062,Sequoia Union High,0,422.98888136296114,1.0,56.1875,410.59375,5,5,5.0,,Woodside High (Woodside)
054462,ALTA VISTA ALTERNATIVE HS,Santa Barbara,Santa Barbara,42767860120402,4276786,Santa Barbara Unified,0,177.17531772380502,,5.25,81.25,5,5,5.0,,Alta Vista Alternative Hs (Santa Barbara)
051450,CABRILLO HIGH SCHOOL,Lompoc,Santa Barbara,42692294230454,4269229,Lompoc Unified,0,224.99297753250883,1.0,16.612903225806452,293.9032258064516,5,5,5.0,,Cabrillo High (Lompoc)
050490,CARPINTERIA HIGH SCHOOL,Carpinteria,Santa Barbara,42691464230587,4269146,Carpinteria Unified,0,168.56943837897327,1.0,14.433333333333334,168.4,5,5,5.0,,Carpinteria High (Carpinteria)
053252,DOS PUEBLOS HIGH SCHOOL,Goleta,Santa Barbara,42767864231726,4276786,Santa Barbara Unified,0,186.43786962234157,2.0,89.875,518.0,5,5,5.0,,Dos Pueblos High (Goleta)
053303,ERNEST RIGHETTI HIGH SCHOOL,Santa Maria,Santa Barbara,42693104234613,4269310,Santa Maria Joint Union High,0,229.25963379243507,0.0,26.75,524.75,5,5,5.0,,Ernest Righetti High (Santa Maria)
054209,FAMILY PARTNERSHIP CHARTER SCH,Santa Maria,Santa Barbara,42691120111773,4269112,Blochman Union Elementary,0,228.38302689882474,,5.0,64.0,5,5,5.0,,Family Partnership Charter Sch (Santa Maria)
051455,LOMPOC HIGH SCHOOL,Lompoc,Santa Barbara,42692294233060,4269229,Lompoc Unified,0,222.06532683647984,0.0,12.580645161290322,324.258064516129,5,5,5.0,,Lompoc High (Lompoc)
054287,ORCUTT ACADEMY CHARTER HIGH SCHOOL,Orcutt,Santa Barbara,42692600116434,4269260,Orcutt Union Elementary,0,229.3516303122235,2.0,14.846153846153847,140.46153846153845,5,5,5.0,,Orcutt Academy Charter High (Orcutt)
053847,PIONEER VALLEY HIGH SCHOOL,Santa Maria,Santa Barbara,42693100102285,4269310,Santa Maria Joint Union High,0,231.4034444042746,1.0,34.31578947368421,628.3157894736842,5,5,5.0,,Pioneer Valley High (Santa Maria)
053272,SAN MARCOS HIGH SCHOOL,Santa Barbara,Santa Barbara,42767864235230,4276786,Santa Barbara Unified,0,181.99432822667706,1.0,67.78125,486.64285714285717,5,5,5.0,,San Marcos High (Santa Barbara)
053275,SANTA BARBARA SENIOR HIGH SCHO,Santa Barbara,Santa Barbara,42767864235727,4276786,Santa Barbara Unified,0,177.58853123878606,1.0,72.40625,545.5714285714286,5,5,5.0,,Santa Barbara Senior High Scho (Santa Barbara)
053305,SANTA MARIA HIGH SCHOOL,Santa Maria,Santa Barbara,42693104236030,4269310,Santa Maria Joint Union High,0,232.3955025436746,0.0,25.4,631.5333333333333,5,5,5.0,,Santa Maria High (Santa Maria)
053340,SANTA YNEZ VALLEY UNION HS,Santa Ynez,Santa Barbara,42693284236345,4269328,Santa Ynez Valley Union High,0,203.364367155543,2.0,21.612903225806452,231.5483870967742,5,5,5.0,,Santa Ynez Valley Union Hs (Santa Ynez)
053075,ABRAHAM LINCOLN HIGH SCHOOL,San Jose,Santa Clara,43696664333795,4369666,San Jose Unified,0,405.80393263552867,1.0,31.84375,367.78125,5,5,5.0,,Abraham Lincoln High (San Jose)
054660,ACE CHARTER HIGH SCHOOL,San Jose,Santa Clara,43694270125617,4369427,East Side Union High,0,405.3211661716489,0.0,6.5,80.83333333333333,5,5,5.0,,Ace Charter High (San Jose)
053276,ADRIAN C WILCOX HIGH SCHOOL,Santa Clara,Santa Clara,43696744338802,4369674,Santa Clara Unified,0,410.016194030847,2.0,64.7741935483871,431.0967741935484,5,5,5.0,,Adrian C Wilcox High (Santa Clara)
054869,ALPHA CINDY AVITIA HIGH SCHOOL,San Jose,Santa Clara,43694270132274,4369427,East Side Union High,0,402.38163777517036,2.0,10.5,102.16666666666667,5,5,5.0,,Alpha Cindy Avitia High (San Jose)
053077,ANDREW P HILL HIGH SCHOOL,San Jose,Santa Clara,43694274332995,4369427,East Side Union High,0,400.50157586111965,0.0,37.90625,467.125,5,5,5.0,,Andrew P Hill High (San Jose)
053906,ANN SOBRATO HIGH SCHOOL,Morgan Hill,Santa Clara,43695830102368,4369583,Morgan Hill Unified,0,387.6310115699327,2.0,53.78947368421053,336.36842105263156,5,5,5.0,,Ann Sobrato High (Morgan Hill)
053082,BRANHAM HIGH SCHOOL,San Jose,Santa Clara,43694014330866,4369401,Campbell Union High,0,401.09132423201106,2.0,59.04347826086956,362.0869565217391,5,5,5.0,,Branham High (San Jose)
054364,CHRISTOPHER HIGH SCHOOL,Gilroy,Santa Clara,43694840118380,4369484,Gilroy Unified,0,378.94911885986863,1.0,39.42857142857143,391.2142857142857,5,5,5.0,,Christopher High (Gilroy)
050718,CUPERTINO HIGH SCHOOL,Cupertino,Santa Clara,43694684331799,4369468,Fremont Union High,0,408.5260299205186,2.0,161.375,421.875,5,5,5.0,,Cupertino High (Cupertino)
053083,DEL MAR HIGH SCHOOL,San Jose,Santa Clara,43694014331955,4369401,Campbell Union High,0,404.7139750972148,1.0,16.64516129032258,285.4193548387097,5,5,5.0,,Del Mar High (San Jose)
053164,DOWNTOWN COLG PREP EL PRIMERO,San Jose,Santa Clara,43696664330585,4369666,San Jose Unified,0,403.26683212953503,0.0,8.909090909090908,101.45454545454545,5,5,5.0,,Downtown Colg Prep El Primero (San Jose)
054750,DOWNTOWN COLLEGE PREP ALUM ROC,San Jose,Santa Clara,43104390123257,4310439,Santa Clara County Office of Education,0,405.3211661716489,1.0,5.333333333333333,55.0,5,5,5.0,,Downtown College Prep Alum Roc (San Jose)
051228,DR TJ OWENS GILROY EARLY COLG,Gilroy,Santa Clara,43694840114496,4369484,Gilroy Unified,0,373.9954200545816,2.0,24.933333333333334,59.53333333333333,5,5,5.0,,Dr Tj Owens Gilroy Early Colg (Gilroy)
053169,EVERGREEN VALLEY HIGH SCHOOL,San Jose,Santa Clara,43694274330692,4369427,East Side Union High,0,400.28984007334554,2.0,227.38095238095238,656.0,5,5,5.0,,Evergreen Valley High (San Jose)
053086,FOOTHILL HIGH SCHOOL,San Jose,Santa Clara,43694274332318,4369427,East Side Union High,0,404.6901106434118,,6.4,255.4,5,5,5.0,,Foothill High (San Jose)
053460,FREMONT HIGH SCHOOL,Sunnyvale,Santa Clara,43694684332474,4369468,Fremont Union High,0,411.1155768783283,1.0,69.84375,454.875,5,5,5.0,,Fremont High (Sunnyvale)
051040,GILROY HIGH SCHOOL,Gilroy,Santa Clara,43694844332839,4369484,Gilroy Unified,0,375.94119964107944,0.0,19.28125,432.78125,5,5,5.0,,Gilroy High (Gilroy)
052347,HENRY M GUNN SENIOR HIGH SCHL,Palo Alto,Santa Clara,43696414332904,4369641,Palo Alto Unified,0,417.12795508549266,2.0,223.71875,420.875,5,5,5.0,,Henry M Gunn Senior High Schl (Palo Alto)
053088,HENRY T GUNDERSON HIGH SCHOOL,San Jose,Santa Clara,43696664330080,4369666,San Jose Unified,0,399.54247805416645,0.0,16.5625,246.59375,5,5,5.0,,Henry T Gunderson High (San Jose)
053462,HOMESTEAD HIGH SCHOOL,Cupertino,Santa Clara,43694684333316,4369468,Fremont Union High,0,410.8207668495777,2.0,189.5,518.15625,5,5,5.0,,Homestead High (Cupertino)
053087,INDEPENDENCE HIGH SCHOOL,San Jose,Santa Clara,43694274330031,4369427,East Side Union High,0,405.46991260401916,1.0,77.4375,819.1875,5,5,5.0,,Independence High (San Jose)
053090,JAMES LICK HIGH SCHOOL,San Jose,Santa Clara,43694274333639,4369427,East Side Union High,0,404.3784850612096,0.0,10.708333333333334,257.0,5,5,5.0,,James Lick High (San Jose)
054927,KIPP NAVIGATE COLLEGE PREP,San Jose,Santa Clara,43771490137315,4377149,SBE - KIPP Navigate College Prep,0,402.45092525977145,,14.75,68.5,5,5,5.0,,Kipp Navigate College Prep (San Jose)
054377,KIPP SAN JOSE COLLEGIATE,San Jose,Santa Clara,43694270116889,4369427,East Side Union High,0,405.47774227041225,2.0,23.714285714285715,106.14285714285714,5,5,5.0,,Kipp San Jose Collegiate (San Jose)
053208,LATINO COLLEGE PREP ACADEMY,San Jose,Santa Clara,43694274330668,4369427,East Side Union High,0,403.40068681495,0.0,9.636363636363637,99.63636363636364,5,5,5.0,,Latino College Prep Academy (San Jose)
053961,LEADERSHIP PUBLIC SCHOOLS-ESJ,San Jose,Santa Clara,43104390102905,4310439,Santa Clara County Office of Education,0,402.3799608711167,,6.0,82.0,5,5,5.0,,Leadership Public Schools-Esj (San Jose)
053092,LEIGH HIGH SCHOOL,San Jose,Santa Clara,43694014330239,4369401,Campbell Union High,0,401.3746010215521,2.0,67.4375,399.6875,5,5,5.0,,Leigh High (San Jose)
053091,LELAND HIGH SCHOOL,San Jose,Santa Clara,43696664333522,4369666,San Jose Unified,0,397.40781294117767,2.0,169.09375,421.0,5,5,5.0,,Leland High (San Jose)
052060,LIVE OAK HIGH SCHOOL,Morgan Hill,Santa Clara,43695834333951,4369583,Morgan Hill Unified,0,385.7632235457122,1.0,34.53125,390.25,5,5,5.0,,Live Oak High (Morgan Hill)
051510,LOS ALTOS HIGH SCHOOL,Los Altos,Santa Clara,43696094334116,4369609,Mountain View-Los Altos Union High,0,415.5246458381775,2.0,140.96875,406.25,5,5,5.0,,Los Altos High (Los Altos)
051855,LOS GATOS HIGH SCHOOL,Los Gatos,Santa Clara,43695344334371,4369534,Los Gatos-Saratoga Union High,0,402.29995473370326,2.0,119.59375,433.78125,5,5,5.0,,Los Gatos High (Los Gatos)
054818,LUIS VALDEZ LEADERSHIP ACADEMY,San Jose,Santa Clara,43694270130856,4369427,East Side Union High,0,402.56934405976074,0.0,8.5,81.25,5,5,5.0,,Luis Valdez Leadership Academy (San Jose)
053463,LYNBROOK HIGH SCHOOL,San Jose,Santa Clara,43694684334421,4369468,Fremont Union High,0,407.41826187519047,2.0,255.03125,425.25,5,5,5.0,,Lynbrook High (San Jose)
053002,MACSA ACADEMIA CALMECAC,San Jose,Santa Clara,43694274330601,4369427,East Side Union High,0,,,8.0,0.0,5,5,,,Macsa Academia Calmecac (San Jose)
051978,MILPITAS HIGH SCHOOL,Milpitas,Santa Clara,43733874334470,4373387,Milpitas Unified,0,411.2000105116162,2.0,121.15625,669.40625,5,5,5.0,,Milpitas High (Milpitas)
055043,MILPITAS MIDDLE COLLEGE HS,Milpitas,Santa Clara,43733870140673,4373387,Milpitas Unified,0,411.38839998435134,,8.0,23.0,5,5,5.0,,Milpitas Middle College Hs (Milpitas)
050358,MISSION EARLY COLLEGE HIGH SCH,Santa Clara,Santa Clara,43696740135970,4369674,Santa Clara Unified,0,411.124074471958,,14.333333333333334,40.5,5,5,5.0,,Mission Early College High Sch (Santa Clara)
053466,MONTA VISTA HIGH SCHOOL,Cupertino,Santa Clara,43694684334462,4369468,Fremont Union High,0,410.06424697783206,2.0,313.5,535.25,5,5,5.0,,Monta Vista High (Cupertino)
053094,MOUNT PLEASANT HIGH SCHOOL,San Jose,Santa Clara,43694274334900,4369427,East Side Union High,0,402.46868398399533,1.0,25.733333333333334,404.2,5,5,5.0,,Mount Pleasant High (San Jose)
052075,MOUNTAIN VIEW HIGH SCHOOL,Mountain View,Santa Clara,43696094334728,4369609,Mountain View-Los Altos Union High,0,412.65247337722474,2.0,129.0,413.4375,5,5,5.0,,Mountain View High (Mountain View)
053099,OAK GROVE HIGH SCHOOL,San Jose,Santa Clara,43694274335204,4369427,East Side Union High,0,397.95645375850927,1.0,38.21875,508.15625,5,5,5.0,,Oak Grove High (San Jose)
052350,PALO ALTO SENIOR HIGH SCHOOL,Palo Alto,Santa Clara,43696414335782,4369641,Palo Alto Unified,0,420.0164697296994,2.0,186.875,422.65625,5,5,5.0,,Palo Alto Senior High (Palo Alto)
051976,PIEDMONT HILLS HIGH SCHOOL,San Jose,Santa Clara,43694274335907,4369427,East Side Union High,0,406.9193525054479,2.0,96.8125,485.5,5,5,5.0,,Piedmont Hills High (San Jose)
053096,PIONEER HIGH SCHOOL,San Jose,Santa Clara,43696664335949,4369666,San Jose Unified,0,400.1527411806457,2.0,47.3125,317.84375,5,5,5.0,,Pioneer High (San Jose)
053344,PROSPECT HIGH SCHOOL,Saratoga,Santa Clara,43694014336137,4369401,Campbell Union High,0,406.86829523476814,2.0,41.46875,316.71875,5,5,5.0,,Prospect High (Saratoga)
054885,ROBERTO CRUZ LEADERSHIP ACDMY,San Jose,Santa Clara,43694270131995,4369427,East Side Union High,0,403.37160239271066,0.0,6.0,62.5,5,5,5.0,,Roberto Cruz Leadership Acdmy (San Jose)
053098,SAN JOSE HIGH SCHOOL,San Jose,Santa Clara,43696664337200,4369666,San Jose Unified,0,404.96431170915696,0.0,17.366666666666667,215.56666666666666,5,5,5.0,,San Jose High (San Jose)
053280,SANTA CLARA HIGH SCHOOL,Santa Clara,Santa Clara,43696744330122,4369674,Santa Clara Unified,0,408.87487604013324,1.0,47.125,405.8125,5,5,5.0,,Santa Clara High (Santa Clara)
053106,SANTA TERESA HIGH SCHOOL,San Jose,Santa Clara,43694274330023,4369427,East Side Union High,0,397.5370986950551,2.0,56.65625,518.15625,5,5,5.0,,Santa Teresa High (San Jose)
053343,SARATOGA HIGH SCHOOL,Saratoga,Santa Clara,43695344337762,4369534,Los Gatos-Saratoga Union High,0,406.5652403192086,2.0,171.65625,312.5,5,5,5.0,,Saratoga High (Saratoga)
053100,SILVER CREEK HIGH SCHOOL,San Jose,Santa Clara,43694274337903,4369427,East Side Union High,0,400.28585723997054,2.0,73.3125,561.125,5,5,5.0,,Silver Creek High (San Jose)
050051,SUMMIT PUBLIC SCHOOL DENALI,Sunnyvale,Santa Clara,43104390128090,4310439,Santa Clara County Office of Education,0,412.6665723844827,,26.75,86.0,5,5,5.0,,Summit Public School Denali (Sunnyvale)
054621,SUMMIT PUBLIC SCHOOL-RAINIER,San Jose,Santa Clara,43694270123745,4369427,East Side Union High,0,402.45092525977145,1.0,15.166666666666666,80.16666666666667,5,5,5.0,,Summit Public School-Rainier (San Jose)
054620,SUMMIT PUBLIC SCHOOL-TAHOMA,San Jose,Santa Clara,43104390123794,4310439,Santa Clara County Office of Education,0,398.0430260691385,2.0,22.818181818181817,90.9090909090909,5,5,5.0,,Summit Public School-Tahoma (San Jose)
054245,UNIVERSITY PREP ACADEMY,San Jose,Santa Clara,43104390113431,4310439,Santa Clara County Office of Education,0,402.0684066800916,2.0,33.86666666666667,83.66666666666667,5,5,5.0,,University Prep Academy (San Jose)
053103,WESTMONT HIGH SCHOOL,Campbell,Santa Clara,43694014338505,4369401,Campbell Union High,0,405.10248110255645,2.0,50.78125,352.28125,5,5,5.0,,Westmont High (Campbell)
053107,WILLIAM C OVERFELT HIGH SCHOOL,San Jose,Santa Clara,43694274335428,4369427,East Side Union High,0,402.37521839590494,0.0,13.392857142857142,366.17857142857144,5,5,5.0,,William C Overfelt High (San Jose)
053105,WILLOW GLEN HIGH SCHOOL,San Jose,Santa Clara,43696664338950,4369666,San Jose Unified,0,402.8637466224133,1.0,32.096774193548384,322.2258064516129,5,5,5.0,,Willow Glen High (San Jose)
053113,YERBA BUENA HIGH SCHOOL,San Jose,Santa Clara,43694274330015,4369427,East Side Union High,0,402.59640495472235,1.0,27.586206896551722,404.7931034482759,5,5,5.0,,Yerba Buena High (San Jose)
050119,APTOS HIGH SCHOOL,Aptos,Santa Cruz,44697994430518,4469799,Pajaro Valley Unified,0,385.71339041971646,2.0,38.3125,350.34375,5,5,5.0,,Aptos High (Aptos)
054597,CEIBA COLLEGE PREPARATORY ACAD,Watsonville,Santa Cruz,44697990117804,4469799,Pajaro Valley Unified,0,378.2160317455963,1.0,7.555555555555555,57.55555555555556,5,5,5.0,,Ceiba College Preparatory Acad (Watsonville)
053293,HARBOR HIGH SCHOOL,Santa Cruz,Santa Cruz,44698234432340,4469823,Santa Cruz City High,0,391.3117808339938,1.0,26.5,249.5,5,5,5.0,,Harbor High (Santa Cruz)
053270,PACIFIC COLLEGIATE SCHOOL,Santa Cruz,Santa Cruz,44104474430252,4410447,Santa Cruz County Office of Education,0,392.6070929189591,2.0,27.863636363636363,71.22727272727273,5,5,5.0,,Pacific Collegiate School (Santa Cruz)
054045,PAJARO VALLEY HS,Watsonville,Santa Cruz,44697990105858,4469799,Pajaro Valley Unified,0,379.80047176977763,0.0,14.61111111111111,316.5,5,5,5.0,,Pajaro Valley Hs (Watsonville)
050927,SAN LORENZO VALLEY HIGH SCHOOL,Felton,Santa Cruz,44698074436754,4469807,San Lorenzo Valley Unified,0,398.3616792765565,2.0,14.483870967741936,217.93548387096774,5,5,5.0,,San Lorenzo Valley High (Felton)
050446,SANTA CRUZ ALTERNATIVE,Santa Cruz,Santa Cruz,44698234437109,4469823,Santa Cruz City High,0,392.1159343043129,2.0,6.0,268.0,5,5,5.0,,Santa Cruz Alternative (Santa Cruz)
053297,SANTA CRUZ HIGH SCHOOL,Santa Cruz,Santa Cruz,44698234437109,4469823,Santa Cruz City High,0,392.1159343043129,2.0,42.15625,266.375,5,5,5.0,,Santa Cruz High (Santa Cruz)
053598,SCOTTS VALLEY HIGH SCHOOL,Scotts Valley,Santa Cruz,44754324430211,4475432,Scotts Valley Unified,0,395.95969459133255,2.0,34.30434782608695,182.43478260869566,5,5,5.0,,Scotts Valley High (Scotts Valley)
053398,SOQUEL HIGH SCHOOL,Soquel,Santa Cruz,44698234437406,4469823,Santa Cruz City High,0,390.17701347128195,1.0,28.15625,268.59375,5,5,5.0,,Soquel High (Soquel)
053722,WATSONVILLE HIGH SCHOOL,Watsonville,Santa Cruz,44697994437901,4469799,Pajaro Valley Unified,0,378.3567179926833,0.0,20.0,490.0625,5,5,5.0,,Watsonville High (Watsonville)
050095,ANDERSON UNION HIGH SCHOOL,Anderson,Shasta,45698564530804,4569856,Anderson Union High,0,592.9984184880226,,5.75,228.25,5,5,5.0,,Anderson Union High (Anderson)
050520,CENTRAL VALLEY HIGH SCHOOL,Shasta Lake,Shasta,45752674531901,4575267,Gateway Unified,0,608.8316322465973,,5.2,167.2,5,5,5.0,,Central Valley High (Shasta Lake)
052580,ENTERPRISE HIGH SCHOOL,Redding,Shasta,45701364532750,4570136,Shasta Union High,0,601.2330230171731,1.0,8.9,283.1,5,5,5.0,,Enterprise High (Redding)
050926,FALL RIVER JUNIOR-SENIOR HS,Mcarthur,Shasta,45699894533600,4569989,Fall River Joint Unified,0,609.1226463495262,,5.0,38.0,5,5,5.0,,Fall River Junior-Senior Hs (Mcarthur)
052581,FOOTHILL HIGH SCHOOL,Palo Cedro,Shasta,45701364530044,4570136,Shasta Union High,0,596.5233209279406,2.0,10.307692307692308,319.84615384615387,5,5,5.0,,Foothill High (Palo Cedro)
052585,SHASTA HIGH SCHOOL,Redding,Shasta,45701364537304,4570136,Shasta Union High,0,604.3470142804591,2.0,18.9,338.1,5,5,5.0,,Shasta High (Redding)
053912,UNIVERSITY PREPARATORY SCHOOL,Redding,Shasta,45701360106013,4570136,Shasta Union High,0,604.2500644308583,2.0,16.352941176470587,100.70588235294117,5,5,5.0,,University Preparatory School (Redding)
050688,WEST VALLEY HIGH SCHOOL,Cottonwood,Shasta,45698564530028,4569856,Anderson Union High,0,592.9980289131759,1.0,7.076923076923077,214.69230769230768,5,5,5.0,,West Valley High (Cottonwood)
050890,ETNA UNION HIGH SCHOOL,Etna,Siskiyou,47764554733309,4776455,Scott Valley Unified,0,669.5291275518138,2.0,5.5,53.0,5,5,5.0,,Etna Union High (Etna)
052080,MOUNT SHASTA HIGH SCHOOL,Mount Shasta,Siskiyou,47704664735403,4770466,Siskiyou Union High,0,648.2812092120583,1.0,5.875,76.75,5,5,5.0,,Mount Shasta High (Mount Shasta)
053730,WEED HIGH SCHOOL,Weed,Siskiyou,47704664738753,4770466,Siskiyou Union High,0,654.5296757938909,,7.0,48.0,5,5,5.0,,Weed High (Weed)
053810,YREKA HIGH SCHOOL,Yreka,Siskiyou,47705164739207,4770516,Yreka Union High,0,680.089701049094,2.0,6.769230769230769,155.92307692307693,5,5,5.0,,Yreka High (Yreka)
050919,ANGELO RODRIGUEZ HIGH SCHOOL,Fairfield,Solano,48705404830170,4870540,Fairfield-Suisun Unified,0,459.41910241760013,1.0,40.63636363636363,470.0,5,5,5.0,,Angelo Rodriguez High (Fairfield)
050910,ARMIJO HIGH SCHOOL,Fairfield,Solano,48705404830451,4870540,Fairfield-Suisun Unified,0,458.7816885123012,1.0,25.516129032258064,519.1612903225806,5,5,5.0,,Armijo High (Fairfield)
050280,BENICIA HIGH SCHOOL,Benicia,Solano,48705244831004,4870524,Benicia Unified,0,453.1516472028308,2.0,45.03225806451613,382.2258064516129,5,5,5.0,,Benicia High (Benicia)
053596,BUCKINGHAM COLLEGIATE CHARTER,Vacaville,Solano,48705734830113,4870573,Vacaville Unified,0,462.9203115243317,2.0,8.928571428571429,104.5,5,5,5.0,,Buckingham Collegiate Charter (Vacaville)
050755,DIXON HIGH SCHOOL,Dixon,Solano,48705324832259,4870532,Dixon Unified,0,461.9670276900378,1.0,13.586206896551724,244.13793103448276,5,5,5.0,,Dixon High (Dixon)
053603,DR JAMES J HOGAN HIGH SCHOOL,Vallejo,Solano,48705814833950,4870581,Vallejo City Unified,0,,,11.0625,394.625,5,5,,,Dr James J Hogan High (Vallejo)
050911,FAIRFIELD HIGH SCHOOL,Fairfield,Solano,48705404833000,4870540,Fairfield-Suisun Unified,0,459.9485427714347,0.0,12.5,452.46153846153845,5,5,5.0,,Fairfield High (Fairfield)
053160,GRIFFIN ACADEMY HIGH SCHOOL,Vallejo,Solano,48705810139816,4870581,Vallejo City Unified,0,459.4593731195824,,10.0,58.0,5,5,5.0,,Griffin Academy High (Vallejo)
053690,JESSE M BETHEL HIGH SCHOOL,Vallejo,Solano,48705814830147,4870581,Vallejo City Unified,0,457.0191729336572,0.0,17.24,358.36,5,5,5.0,,Jesse M Bethel High (Vallejo)
053833,MARE ISLAND TECHNOLOGY ACADEMY,Vallejo,Solano,48705814830196,4870581,Vallejo City Unified,0,460.32160436858044,1.0,11.272727272727273,102.0,5,5,5.0,,Mare Island Technology Academy (Vallejo)
054757,PUBLIC SAFETY ACADEMY,Fairfield,Solano,48705400125310,4870540,Fairfield-Suisun Unified,0,460.2420280858502,2.0,7.0,65.66666666666667,5,5,5.0,,Public Safety Academy (Fairfield)
052645,RIO VISTA HIGH SCHOOL,Rio Vista,Solano,34674134835302,3467413,River Delta Joint Unified,0,442.3839930001198,1.0,6.909090909090909,83.45454545454545,5,5,5.0,,Rio Vista High (Rio Vista)
053595,VACAVILLE HIGH SCHOOL,Vacaville,Solano,48705734837803,4870573,Vacaville Unified,0,463.2484236819471,1.0,25.806451612903224,430.1290322580645,5,5,5.0,,Vacaville High (Vacaville)
053610,VALLEJO HIGH SCHOOL,Vallejo,Solano,48705814838504,4870581,Vallejo City Unified,0,458.31551666703473,0.0,10.166666666666666,409.0,5,5,5.0,,Vallejo High (Vallejo)
053533,VANDEN HIGH SCHOOL,Fairfield,Solano,48705654838801,4870565,Travis Unified,0,458.2893328090531,2.0,21.14814814814815,338.037037037037,5,5,5.0,,Vanden High (Fairfield)
053597,WILL C WOOD HIGH SCHOOL,Vacaville,Solano,48705734830089,4870573,Vacaville Unified,0,461.9482362561894,1.0,15.161290322580646,398.4193548387097,5,5,5.0,,Will C Wood High (Vacaville)
053345,ANALY HIGH SCHOOL,Sebastopol,Sonoma,49706074930400,4970607,West Sonoma County Union High,0,494.17987201668103,2.0,28.25,301.34375,5,5,5.0,,Analy High (Sebastopol)
052448,CASA GRANDE HIGH SCHOOL,Petaluma,Sonoma,49708624930012,4970862,Petaluma Joint Union High,0,477.3329764335499,2.0,29.75,368.15625,5,5,5.0,,Casa Grande High (Petaluma)
050610,CLOVERDALE HIGH SCHOOL,Cloverdale,Sonoma,49706564930855,4970656,Cloverdale Unified,0,522.2122153154426,1.0,7.133333333333334,97.66666666666667,5,5,5.0,,Cloverdale High (Cloverdale)
054502,CREDO HIGH SCHOOL ARTS/LETTERS/SCI,Rohnert Park,Sonoma,49738820123786,4973882,Cotati-Rohnert Park Unified,0,484.6875902792767,2.0,13.285714285714286,83.0,5,5,5.0,,Credo High Arts/Letters/Sci (Rohnert Park)
050947,EL MOLINO HIGH SCHOOL,Forestville,Sonoma,49706074931507,4970607,West Sonoma County Union High,0,500.358340572508,2.0,12.52,219.08,5,5,5.0,,El Molino High (Forestville)
053316,ELSIE ALLEN HIGH SCHOOL,Santa Rosa,Sonoma,49709204930160,4970920,Santa Rosa High,0,490.6602999923447,0.0,6.764705882352941,277.29411764705884,5,5,5.0,,Elsie Allen High (Santa Rosa)
051160,HEALDSBURG HIGH SCHOOL,Healdsburg,Sonoma,49753904932554,4975390,Healdsburg Unified,0,506.88530997520365,1.0,14.966666666666667,184.58620689655172,5,5,5.0,,Healdsburg High (Healdsburg)
053386,MARIA CARRILLO HIGH SCHOOL,Santa Rosa,Sonoma,49709204930244,4970920,Santa Rosa High,0,492.149897635698,2.0,48.0,355.14814814814815,5,5,5.0,,Maria Carrillo High (Santa Rosa)
053328,MONTGOMERY HIGH SCHOOL,Santa Rosa,Sonoma,49709204934154,4970920,Santa Rosa High,0,490.9330393384351,1.0,33.53125,396.21875,5,5,5.0,,Montgomery High (Santa Rosa)
052460,PETALUMA HIGH SCHOOL,Petaluma,Sonoma,49708624935151,4970862,Petaluma Joint Union High,0,478.4313516263695,2.0,28.03125,313.21875,5,5,5.0,,Petaluma High (Petaluma)
053329,PINER HIGH SCHOOL,Santa Rosa,Sonoma,49709204935292,4970920,Santa Rosa High,0,494.9582889344521,0.0,13.233333333333333,303.46666666666664,5,5,5.0,,Piner High (Santa Rosa)
052678,RANCHO COTATE HIGH SCHOOL,Rohnert Park,Sonoma,49738824935482,4973882,Cotati-Rohnert Park Unified,0,485.7285408107358,0.0,15.566666666666666,362.06666666666666,5,5,5.0,,Rancho Cotate High (Rohnert Park)
054850,ROSELAND COLLEGIATE PREP,Santa Rosa,Sonoma,49709040101923,4970904,Roseland,0,491.68265397981037,1.0,8.75,179.75,5,5,5.0,,Roseland Collegiate Prep (Santa Rosa)
054044,ROSELAND UNIVERSITY PREP,Santa Rosa,Sonoma,49709040101923,4970904,Roseland,0,491.68265397981037,1.0,10.7,161.5,5,5,5.0,,Roseland University Prep (Santa Rosa)
053330,SANTA ROSA HIGH SCHOOL,Santa Rosa,Sonoma,49709204936803,4970920,Santa Rosa High,0,492.7505633383399,1.0,30.6875,434.78125,5,5,5.0,,Santa Rosa High (Santa Rosa)
053390,SONOMA VALLEY HIGH SCHOOL,Sonoma,Sonoma,49709534937256,4970953,Sonoma Valley Unified,0,474.74555066262724,1.0,21.3125,298.5,5,5,5.0,,Sonoma Valley High (Sonoma)
053849,TECHNOLOGY HIGH SCHOOL,Rohnert Park,Sonoma,49738824930384,4973882,Cotati-Rohnert Park Unified,0,485.9020001455913,2.0,15.705882352941176,66.52941176470588,5,5,5.0,,Technology High (Rohnert Park)
053787,WINDSOR HIGH SCHOOL,Windsor,Sonoma,49753584930228,4975358,Windsor Unified,0,500.96200007101015,1.0,23.115384615384617,349.7307692307692,5,5,5.0,,Windsor High (Windsor)
054446,ASPIRE VANGUARD COL PREP ACAD,Modesto,Stanislaus,50711750120212,5071175,Modesto City High,0,390.3062323402872,1.0,6.833333333333333,41.166666666666664,5,5,5.0,,Aspire Vanguard Col Prep Acad (Modesto)
053988,CENTRAL VALLEY HIGH SCHOOL,Ceres,Stanislaus,50710430108076,5071043,Ceres Unified,0,386.68032837582217,1.0,15.9375,421.0625,5,5,5.0,,Central Valley High (Ceres)
050525,CERES HIGH SCHOOL,Ceres,Stanislaus,50710435030879,5071043,Ceres Unified,0,387.5919200848018,1.0,12.5,388.875,5,5,5.0,,Ceres High (Ceres)
050352,CONNECTING WATERS - EAST BAY,Waterford,Stanislaus,01100170136101,0110017,Alameda County Office of Education,0,423.67627954508333,,6.666666666666667,28.0,5,5,5.0,,Connecting Waters - East Bay (Waterford)
053706,CONNECTING WATERS CHARTER SCH,Waterford,Stanislaus,50755725030317,5075572,Waterford Unified,0,384.35426722196183,0.0,6.0,166.0,5,5,5.0,,Connecting Waters Charter Sch (Waterford)
051986,FRED C BEYER HIGH SCHOOL,Modesto,Stanislaus,50711755030010,5071175,Modesto City High,0,393.2722506531495,1.0,21.5,531.1875,5,5,5.0,,Fred C Beyer High (Modesto)
051983,GRACE M DAVIS HIGH SCHOOL,Modesto,Stanislaus,50711755031380,5071175,Modesto City High,0,394.12109578272936,0.0,14.821428571428571,542.3928571428571,5,5,5.0,,Grace M Davis High (Modesto)
051215,HUGHSON HIGH SCHOOL,Hughson,Stanislaus,50755495032651,5075549,Hughson Unified,0,384.6252344802495,1.0,7.6,174.4,5,5,5.0,,Hughson High (Hughson)
054043,JAMES C ENOCHS HIGH SCHOOL,Modesto,Stanislaus,50711750110593,5071175,Modesto City High,0,392.3172069978833,1.0,30.764705882352942,573.5294117647059,5,5,5.0,,James C Enochs High (Modesto)
051994,JOHANSEN HIGH SCHOOL,Modesto,Stanislaus,50711755030135,5071175,Modesto City High,0,389.4218575029268,0.0,14.741935483870968,488.8709677419355,5,5,5.0,,Johansen High (Modesto)
053644,JOHN H PITMAN HIGH SCHOOL,Turlock,Stanislaus,50757395030283,5075739,Turlock Unified,0,381.3961539583501,1.0,20.238095238095237,471.1904761904762,5,5,5.0,,John H Pitman High (Turlock)
052031,JOSEPH A GREGORI HIGH SCHOOL,Modesto,Stanislaus,50711750121129,5071175,Modesto City High,0,397.89873716076994,1.0,37.15384615384615,539.0,5,5,5.0,,Joseph A Gregori High (Modesto)
051985,MODESTO HIGH SCHOOL,Modesto,Stanislaus,50711755034905,5071175,Modesto City High,0,388.3616262891296,1.0,36.65625,583.5,5,5,5.0,,Modesto High (Modesto)
052175,OAKDALE HIGH SCHOOL,Oakdale,Stanislaus,50755645035654,5075564,Oakdale Joint Unified,0,394.17212303390033,1.0,10.758620689655173,348.65384615384613,5,5,5.0,,Oakdale High (Oakdale)
052125,ORESTIMBA HIGH SCHOOL,Newman,Stanislaus,50736015035902,5073601,Newman-Crows Landing Unified,0,374.4242057836497,1.0,9.846153846153847,192.53846153846155,5,5,5.0,,Orestimba High (Newman)
052430,PATTERSON HIGH SCHOOL,Patterson,Stanislaus,50712175036256,5071217,Patterson Joint Unified,0,386.2043878872157,0.0,14.75,338.1666666666667,5,5,5.0,,Patterson High (Patterson)
052657,RIVERBANK HIGH SCHOOL,Riverbank,Stanislaus,50755565036850,5075556,Riverbank Unified,0,394.27529993289033,,7.714285714285714,173.28571428571428,5,5,5.0,,Riverbank High (Riverbank)
052000,THOMAS DOWNEY HIGH SCHOOL,Modesto,Stanislaus,50711755031802,5071175,Modesto City High,0,391.55818112226467,0.0,12.3125,481.15625,5,5,5.0,,Thomas Downey High (Modesto)
053565,TURLOCK HIGH SCHOOL,Turlock,Stanislaus,50757395037700,5075739,Turlock Unified,0,378.12364440515984,1.0,23.03125,516.3809523809524,5,5,5.0,,Turlock High (Turlock)
053704,WATERFORD HIGH SCHOOL,Waterford,Stanislaus,50755725030259,5075572,Waterford Unified,0,384.47003334123497,,6.75,166.25,5,5,5.0,,Waterford High (Waterford)
051420,LIVE OAK HIGH SCHOOL,Live Oak,Sutter,51713995135256,5171399,Live Oak Unified,0,506.0995377639091,1.0,9.3,127.6,5,5,5.0,,Live Oak High (Live Oak)
053964,RIVER VALLEY HIGH SCHOOL,Yuba City,Sutter,51714640107722,5171464,Yuba City Unified,0,498.03098575253085,1.0,24.38888888888889,402.72222222222223,5,5,5.0,,River Valley High (Yuba City)
054112,SOUTH SUTTER CHARTER SCHOOL,Nicolaus,Sutter,51714070109793,5171407,Marcum-Illinois Union Elementary,0,481.24686480401874,,6.0,187.0,5,5,5.0,,South Sutter Charter School (Nicolaus)
053475,SUTTER UNION HIGH SCHOOL,Sutter,Sutter,51714495137500,5171449,Sutter Union High,0,502.35929135988437,1.0,7.785714285714286,173.85714285714286,5,5,5.0,,Sutter Union High (Sutter)
053815,YUBA CITY HIGH SCHOOL,Yuba City,Sutter,51714645139001,5171464,Yuba City Unified,0,496.5128832745661,0.0,18.84375,476.0625,5,5,5.0,,Yuba City High (Yuba City)
050670,CORNING UNION HIGH SCHOOL,Corning,Tehama,52715065231709,5271506,Corning Union High,0,559.2570178919135,,6.0,234.5,5,5,5.0,,Corning Union High (Corning)
052575,RED BLUFF HIGH SCHOOL,Red Bluff,Tehama,52716395237201,5271639,Red Bluff Joint Union High,0,575.8312503025501,0.0,8.526315789473685,358.2105263157895,5,5,5.0,,Red Bluff High (Red Bluff)
053725,TRINITY HIGH SCHOOL,Weaverville,Trinity,53765135337456,5376513,Trinity Alps Unified,0,627.9634778928854,,6.25,106.0,5,5,5.0,,Trinity High (Weaverville)
050070,ALPAUGH HIGH SCHOOL,Alpaugh,Tulare,54718035430301,5471803,Alpaugh Unified,0,244.14342629400548,0.0,5.0,21.0,5,5,5.0,,Alpaugh High (Alpaugh)
050750,DINUBA HIGH SCHOOL,Dinuba,Tulare,54755315431184,5475531,Dinuba Unified,0,280.59321068553214,0.0,12.807692307692308,384.5,5,5,5.0,,Dinuba High (Dinuba)
053699,EL DIAMANTE HIGH SCHOOL,Visalia,Tulare,54722565430368,5472256,Visalia Unified,0,265.4081444459187,1.0,25.2,435.55,5,5,5.0,,El Diamante High (Visalia)
050905,EXETER UNION HIGH SCHOOL,Exeter,Tulare,54768365431598,5476836,Exeter Unified,0,259.69030365752286,1.0,7.464285714285714,206.6,5,5,5.0,,Exeter Union High (Exeter)
050924,FARMERSVILLE HIGH SCHOOL,Farmersville,Tulare,54753255430210,5475325,Farmersville Unified,0,262.05995065050337,0.0,9.0,147.2,5,5,5.0,,Farmersville High (Farmersville)
053662,GOLDEN WEST HIGH SCHOOL,Visalia,Tulare,54722565430046,5472256,Visalia Unified,0,265.35932087164633,0.0,13.483870967741936,431.741935483871,5,5,5.0,,Golden West High (Visalia)
052519,GRANITE HILLS HIGH SCHOOL,Porterville,Tulare,54755235430251,5475523,Porterville Unified,0,241.8887080009845,0.0,7.7,267.75,5,5,5.0,,Granite Hills High (Porterville)
054414,HARMONY MAGNET ACADEMY,Strathmore,Tulare,54755230116590,5475523,Porterville Unified,0,248.22320757165465,2.0,13.571428571428571,114.71428571428571,5,5,5.0,,Harmony Magnet Academy (Strathmore)
051415,LINDSAY HIGH SCHOOL,Lindsay,Tulare,54719935432414,5471993,Lindsay Unified,0,252.60615664327284,0.0,10.541666666666666,226.08333333333334,5,5,5.0,,Lindsay High (Lindsay)
054248,MISSION OAK HIGH SCHOOL,Tulare,Tulare,54722490116368,5472249,Tulare Joint Union High,0,262.7942100373242,1.0,12.857142857142858,339.57142857142856,5,5,5.0,,Mission Oak High (Tulare)
052513,MONACHE HIGH SCHOOL,Porterville,Tulare,54755235432786,5475523,Porterville Unified,0,244.34749358633772,1.0,16.6875,437.14814814814815,5,5,5.0,,Monache High (Porterville)
053670,MOUNT WHITNEY HIGH SCHOOL,Visalia,Tulare,54722565432828,5472256,Visalia Unified,0,265.27608006708664,1.0,15.03225806451613,374.38709677419354,5,5,5.0,,Mount Whitney High (Visalia)
052290,OROSI HIGH SCHOOL,Orosi,Tulare,54718605433230,5471860,Cutler-Orosi Joint Unified,0,278.9830532034559,0.0,12.181818181818182,203.9090909090909,5,5,5.0,,Orosi High (Orosi)
052515,PORTERVILLE HIGH SCHOOL,Porterville,Tulare,54755235434113,5475523,Porterville Unified,0,242.6113228451228,1.0,12.433333333333334,423.5,5,5,5.0,,Porterville High (Porterville)
053665,REDWOOD HIGH SCHOOL,Visalia,Tulare,54722565434527,5472256,Visalia Unified,0,265.8200479768364,1.0,29.59375,456.75,5,5,5.0,,Redwood High (Visalia)
053450,STRATHMORE HIGH SCHOOL,Porterville,Tulare,54755235434931,5475523,Porterville Unified,0,248.5952736099019,,5.666666666666667,75.0,5,5,5.0,,Strathmore High (Porterville)
054203,SUMMIT COLLEGIATE HIGH SCHOOL,Porterville,Tulare,54718370109009,5471837,Burton Elementary,0,243.16328349590628,,9.0,114.4,5,5,5.0,,Summit Collegiate High (Porterville)
053550,TULARE UNION HIGH SCHOOL,Tulare,Tulare,54722495435409,5472249,Tulare Joint Union High,0,259.3147735350991,1.0,12.862068965517242,387.17241379310343,5,5,5.0,,Tulare Union High (Tulare)
053552,TULARE WESTERN HIGH SCHOOL,Tulare,Tulare,54722495435466,5472249,Tulare Joint Union High,0,260.223442984864,1.0,15.206896551724139,409.0344827586207,5,5,5.0,,Tulare Western High (Tulare)
054458,UNIVERSITY PREPARTORY HIGH SCH,Visalia,Tulare,54105460119602,5410546,Tulare County Office of Education,0,265.6559464900213,2.0,10.0,56.7,5,5,5.0,,University Prepartory High Sch (Visalia)
053795,WOODLAKE HIGH SCHOOL,Woodlake,Tulare,54767945436282,5476794,Woodlake Unified,0,266.58717154412903,0.0,6.944444444444445,156.77777777777777,5,5,5.0,,Woodlake High (Woodlake)
053395,SONORA HIGH SCHOOL,Sonora,Tuolumne,55723895536503,5572389,Sonora Union High,0,395.1718830171728,2.0,9.633333333333333,262.1666666666667,5,5,5.0,,Sonora High (Sonora)
053560,SUMMERVILLE UNION HIGH SCHOOL,Tuolumne,Tuolumne,55724135536750,5572413,Summerville Union High,0,390.00719731137576,0.0,7.666666666666667,122.16666666666667,5,5,5.0,,Summerville Union High (Tuolumne)
050438,ADOLFO CAMARILLO HIGH SCHOOL,Camarillo,Ventura,56725465631619,5672546,Oxnard Union High,0,137.8233004879663,2.0,64.3125,555.96875,5,5,5.0,,Adolfo Camarillo High (Camarillo)
054495,ARCHITECTURE CONSTRUCT ENG HS,Camarillo,Ventura,56725460120634,5672546,Oxnard Union High,0,140.25592716815098,,5.0,56.0,5,5,5.0,,Architecture Construct Eng Hs (Camarillo)
053647,BUENA HIGH SCHOOL,Ventura,Ventura,56726525630793,5672652,Ventura Unified,0,149.50798083073477,1.0,30.90625,468.34375,5,5,5.0,,Buena High (Ventura)
054270,CALIFORNIA VIRTUAL ACAD SAN DIEGO,Simi Valley,Ventura,37684036120893,3768403,Spencer Valley Elementary,0,131.92752824371308,0.0,7.5,241.9,5,5,5.0,,California Virtual Acad San Diego (Simi Valley)
054276,CALIFORNIA VIRTUAL ACAD SAN MATEO,Simi Valley,Ventura,41689160112284,4168916,Jefferson Elementary,0,131.92752824371308,0.0,6.0,103.4,5,5,5.0,,California Virtual Acad San Mateo (Simi Valley)
054272,CALIFORNIA VIRTUAL ACAD SUTTER,Simi Valley,Ventura,51714150129007,5171415,Meridian Elementary,0,131.92752824371308,,6.0,122.0,5,5,5.0,,California Virtual Acad Sutter (Simi Valley)
054271,CALIFORNIA VIRTUAL ACADEMY LA,Simi Valley,Ventura,19650940112706,1965094,West Covina Unified,0,131.92752824371308,1.0,9.454545454545455,326.72727272727275,5,5,5.0,,California Virtual Academy La (Simi Valley)
054221,CALIFORNIA VIRTUAL-SAN JOAQUIN,Simi Valley,Ventura,39686270127191,3968627,New Jerusalem Elementary,0,131.92752824371308,0.0,5.4,169.8,5,5,5.0,,California Virtual-San Joaquin (Simi Valley)
052297,CHANNEL ISLANDS HIGH SCHOOL,Oxnard,Ventura,56725465631742,5672546,Oxnard Union High,0,142.39500516997785,0.0,27.1875,630.84375,5,5,5.0,,Channel Islands High (Oxnard)
053648,EL CAMINO HIGH SCHOOL,Ventura,Ventura,56726525630298,5672652,Ventura Unified,0,149.9254495723359,2.0,7.888888888888889,78.11111111111111,5,5,5.0,,El Camino High (Ventura)
050935,FILLMORE HIGH SCHOOL,Fillmore,Ventura,56724545632021,5672454,Fillmore Unified,0,142.90756507262668,0.0,13.966666666666667,220.06666666666666,5,5,5.0,,Fillmore High (Fillmore)
053691,FOOTHILL TECHNOLOGY HS,Ventura,Ventura,56726525630348,5672652,Ventura Unified,0,149.95315751293705,2.0,39.56521739130435,213.43478260869566,5,5,5.0,,Foothill Technology Hs (Ventura)
052046,HIGH SCHOOL AT MOORPARK COLL,Moorpark,Ventura,56739405630371,5673940,Moorpark Unified,0,134.46856988022483,2.0,9.142857142857142,35.42857142857143,5,5,5.0,,High School At Moorpark Coll (Moorpark)
052298,HUENEME HIGH SCHOOL,Oxnard,Ventura,56725465632849,5672546,Oxnard Union High,0,142.5313435774942,0.0,19.35483870967742,478.3225806451613,5,5,5.0,,Hueneme High (Oxnard)
054482,IQ ACADEMY CALIFORNIA-LA,Simi Valley,Ventura,37680490136747,3768049,Dehesa Elementary,0,84.13057470710673,,7.0,,5,5,4.0,,Iq Academy California-La (Simi Valley)
053890,MONTE VISTA SCHOOL,Simi Valley,Ventura,56726035630249,5672603,Simi Valley Unified,0,130.53158272148983,,7.0,116.0,5,5,5.0,,Monte Vista School (Simi Valley)
052055,MOORPARK HIGH SCHOOL,Moorpark,Ventura,56739405633250,5673940,Moorpark Unified,0,135.67414195222017,1.0,49.0625,458.875,5,5,5.0,,Moorpark High (Moorpark)
052117,NEWBURY PARK HIGH SCHOOL,Newbury Park,Ventura,56737595633748,5673759,Conejo Valley Unified,0,133.9595084674793,2.0,87.03125,509.78125,5,5,5.0,,Newbury Park High (Newbury Park)
052260,NORDHOFF HIGH SCHOOL,Ojai,Ventura,56725205634076,5672520,Ojai Unified,0,159.07620670013165,1.0,17.78125,220.4375,5,5,5.0,,Nordhoff High (Ojai)
050006,OAK PARK HIGH SCHOOL,Oak Park,Ventura,56738745630132,5673874,Oak Park Unified,0,125.92664879926483,2.0,82.25,267.34375,5,5,5.0,,Oak Park High (Oak Park)
053876,OAK PARK INDEPENDENT SCH,Oak Park,Ventura,56738745630256,5673874,Oak Park Unified,0,125.53617241986241,2.0,7.5,41.833333333333336,5,5,5.0,,Oak Park Independent Sch (Oak Park)
052305,OXNARD HIGH SCHOOL,Oxnard,Ventura,56725465634548,5672546,Oxnard Union High,0,146.7723384017179,0.0,40.75,624.0625,5,5,5.0,,Oxnard High (Oxnard)
051634,OXNARD MIDDLE COLLEGE HIGH SCH,Oxnard,Ventura,56725460136804,5672546,Oxnard Union High,0,142.01392917154104,,20.0,38.75,5,5,5.0,,Oxnard Middle College High Sch (Oxnard)
052379,PACIFICA HIGH SCHOOL,Oxnard,Ventura,56725465630389,5672546,Oxnard Union High,0,144.9241976143052,0.0,36.09090909090909,745.3636363636364,5,5,5.0,,Pacifica High (Oxnard)
054851,RANCHO CAMPANA HIGH SCHOOL,Camarillo,Ventura,56725460131698,5672546,Oxnard Union High,0,139.54980261090878,2.0,34.0,167.125,5,5,5.0,,Rancho Campana High (Camarillo)
052299,RIO MESA HIGH SCHOOL,Oxnard,Ventura,56725465634761,5672546,Oxnard Union High,0,145.42784974994825,0.0,31.6875,500.21875,5,5,5.0,,Rio Mesa High (Oxnard)
053379,ROYAL HIGH SCHOOL,Simi Valley,Ventura,56726035635008,5672603,Simi Valley Unified,0,130.3655743535587,1.0,41.15625,543.03125,5,5,5.0,,Royal High (Simi Valley)
053325,SANTA PAULA HIGH SCHOOL,Santa Paula,Ventura,56768285635776,5676828,Santa Paula Unified,0,146.8211773596049,0.0,19.266666666666666,362.3333333333333,5,5,5.0,,Santa Paula High (Santa Paula)
053372,SANTA SUSANA HIGH SCHOOL,Simi Valley,Ventura,56726035630322,5672603,Simi Valley Unified,0,129.32697978613922,2.0,28.666666666666668,246.77777777777777,5,5,5.0,,Santa Susana High (Simi Valley)
053380,SIMI VALLEY HIGH SCHOOL,Simi Valley,Ventura,56726035636188,5672603,Simi Valley Unified,0,127.82159591544622,1.0,49.375,560.78125,5,5,5.0,,Simi Valley High (Simi Valley)
053502,THOUSAND OAKS HIGH SCHOOL,Thousand Oaks,Ventura,56737595637004,5673759,Conejo Valley Unified,0,131.5808944861008,2.0,79.59375,552.8125,5,5,5.0,,Thousand Oaks High (Thousand Oaks)
053655,VENTURA HIGH SCHOOL,Ventura,Ventura,56726525637822,5672652,Ventura Unified,0,151.80784448991085,1.0,37.0625,461.9375,5,5,5.0,,Ventura High (Ventura)
053503,WESTLAKE HIGH SCHOOL,Westlake Village,Ventura,56737595630116,5673759,Conejo Valley Unified,0,127.00002852524447,2.0,126.84375,512.59375,5,5,5.0,,Westlake High (Westlake Village)
051082,DA VINCI CHARTER ACADEMY,Davis,Yolo,57726780119578,5772678,Davis Joint Unified,0,466.06349084978683,2.0,13.4,92.1875,5,5,5.0,,Da Vinci Charter Academy (Davis)
050730,DAVIS SENIOR HIGH SCHOOL,Davis,Yolo,57726785732201,5772678,Davis Joint Unified,0,466.7559895138017,2.0,167.375,534.375,5,5,5.0,,Davis Senior High (Davis)
050605,DELTA HIGH SCHOOL,Clarksburg,Yolo,42693104231452,4269310,Santa Maria Joint Union High,0,229.15398964788088,0.0,7.0,227.5,5,5,5.0,,Delta High (Clarksburg)
050885,ESPARTO HIGH SCHOOL,Esparto,Yolo,57726865732904,5772686,Esparto Unified,0,482.6379705192684,,6.6,72.6,5,5,5.0,,Esparto High (Esparto)
053861,PIONEER HIGH SCHOOL,Woodland,Yolo,57727100101162,5772710,Woodland Joint Unified,0,472.284478101319,1.0,26.05,353.25,5,5,5.0,,Pioneer High (Woodland)
053740,RIVER CITY HIGH SCHOOL,West Sacramento,Yolo,57726945735154,5772694,Washington Unified,0,459.87680301839646,0.0,24.52173913043478,428.04347826086956,5,5,5.0,,River City High (West Sacramento)
054543,WASHINGTON MIDDLE COLLEGE HS,West Sacramento,Yolo,57726940135939,5772694,Washington Unified,0,462.69830503236835,,7.0,35.0,5,5,5.0,,Washington Middle College Hs (West Sacramento)
053790,WINTERS HIGH SCHOOL,Winters,Yolo,57727025738505,5772702,Winters Joint Unified,0,471.7853886379916,1.0,6.642857142857143,125.14285714285714,5,5,5.0,,Winters High (Winters)
053800,WOODLAND HIGH SCHOOL,Woodland,Yolo,57727105738802,5772710,Woodland Joint Unified,0,475.0646552112815,0.0,17.125,418.125,5,5,5.0,,Woodland High (Woodland)
051919,LINDHURST HIGH SCHOOL,Olivehurst,Yuba,58727365830013,5872736,Marysville Joint Unified,0,490.9410608709197,0.0,7.0625,247.375,5,5,5.0,,Lindhurst High (Olivehurst)
052409,MARYSVILLE CHARTER ACAD ARTS,Marysville,Yuba,58727365830138,5872736,Marysville Joint Unified,0,488.5897978494003,2.0,5.8,52.8,5,5,5.0,,Marysville Charter Acad Arts (Marysville)
051925,MARYSVILLE HIGH SCHOOL,Marysville,Yuba,58727365835202,5872736,Marysville Joint Unified,0,496.9586879774387,0.0,6.352941176470588,198.2941176470588,5,5,5.0,,Marysville High (Marysville)
053750,WHEATLAND HIGH SCHOOL,Wheatland,Yuba,58727690123570,5872769,Wheatland Union High,0,483.9006892401512,,8.272727272727273,0.5,5,5,5.0,,Wheatland High (Wheatland)
